ticker,corp_name,market
095570,AJ네트웍스,KOSPI
006840,AK홀딩스,KOSPI
027410,BGF,KOSPI
282330,BGF리테일,KOSPI
138930,BNK금융지주,KOSPI
001460,BYC,KOSPI
001465,BYC우,KOSPI
001040,CJ,KOSPI
079160,CJ CGV,KOSPI
00104K,CJ4우(전환),KOSPI
000120,CJ대한통운,KOSPI
011150,CJ씨푸드,KOSPI
011155,CJ씨푸드1우,KOSPI
001045,CJ우,KOSPI
097950,CJ제일제당,KOSPI
097955,CJ제일제당 우,KOSPI
000590,CS홀딩스,KOSPI
012030,DB,KOSPI
016610,DB금융투자,KOSPI
005830,DB손해보험,KOSPI
000990,DB하이텍,KOSPI
000995,DB하이텍1우,KOSPI
139130,DGB금융지주,KOSPI
001530,DI동일,KOSPI
000210,DL,KOSPI
001880,DL건설,KOSPI
000215,DL우,KOSPI
375500,DL이앤씨,KOSPI
37550K,DL이앤씨우,KOSPI
004840,DRB동일,KOSPI
155660,DSR,KOSPI
069730,DSR제강,KOSPI
017940,E1,KOSPI
365550,ESR켄달스퀘어리츠,KOSPI
383220,F&F,KOSPI
007700,F&F홀딩스,KOSPI
114090,GKL,KOSPI
078930,GS,KOSPI
006360,GS건설,KOSPI
001250,GS글로벌,KOSPI
007070,GS리테일,KOSPI
078935,GS우,KOSPI
012630,HDC,KOSPI
039570,HDC아이콘트롤스,KOSPI
089470,HDC현대EP,KOSPI
294870,HDC현대산업개발,KOSPI
011200,HMM,KOSPI
082740,HSD엔진,KOSPI
003560,IHQ,KOSPI
175330,JB금융지주,KOSPI
234080,JW생명과학,KOSPI
001060,JW중외제약,KOSPI
001067,JW중외제약2우B,KOSPI
001065,JW중외제약우,KOSPI
096760,JW홀딩스,KOSPI
105560,KB금융,KOSPI
002380,KCC,KOSPI
344820,KCC글라스,KOSPI
009070,KCTC,KOSPI
009440,KC그린홀딩스,KOSPI
119650,KC코트렐,KOSPI
092220,KEC,KOSPI
016380,KG동부제철,KOSPI
016385,KG동부제철우,KOSPI
001390,KG케미칼,KOSPI
033180,KH 필룩스,KOSPI
001940,KISCO홀딩스,KOSPI
025000,KPX케미칼,KOSPI
092230,KPX홀딩스,KOSPI
000040,KR모터스,KOSPI
044450,KSS해운,KOSPI
030200,KT,KOSPI
033780,KT&G,KOSPI
030210,KTB투자증권,KOSPI
058850,KTcs,KOSPI
058860,KTis,KOSPI
093050,LF,KOSPI
003550,LG,KOSPI
034220,LG디스플레이,KOSPI
051900,LG생활건강,KOSPI
051905,LG생활건강우,KOSPI
003555,LG우,KOSPI
032640,LG유플러스,KOSPI
011070,LG이노텍,KOSPI
066570,LG전자,KOSPI
066575,LG전자우,KOSPI
037560,LG헬로비전,KOSPI
051910,LG화학,KOSPI
051915,LG화학우,KOSPI
079550,LIG넥스원,KOSPI
006260,LS,KOSPI
010120,LS ELECTRIC,KOSPI
000680,LS네트웍스,KOSPI
229640,LS전선아시아,KOSPI
001120,LX인터내셔널,KOSPI
108670,LX하우시스,KOSPI
108675,LX하우시스우,KOSPI
383800,LX홀딩스,KOSPI
38380K,LX홀딩스1우,KOSPI
023150,MH에탄올,KOSPI
035420,NAVER,KOSPI
181710,NHN,KOSPI
400760,NH올원리츠,KOSPI
005940,NH투자증권,KOSPI
005945,NH투자증권우,KOSPI
338100,NH프라임리츠,KOSPI
034310,NICE,KOSPI
008260,NI스틸,KOSPI
004250,NPC,KOSPI
004255,NPC우,KOSPI
010060,OCI,KOSPI
178920,PI첨단소재,KOSPI
005490,POSCO,KOSPI
010950,S-Oil,KOSPI
010955,S-Oil우,KOSPI
034120,SBS,KOSPI
101060,SBS미디어홀딩스,KOSPI
005090,SGC에너지,KOSPI
001380,SG글로벌,KOSPI
004060,SG세계물산,KOSPI
001770,SHD,KOSPI
002360,SH에너지화학,KOSPI
009160,SIMPAC,KOSPI
123700,SJM,KOSPI
025530,SJM홀딩스,KOSPI
034730,SK,KOSPI
011790,SKC,KOSPI
018670,SK가스,KOSPI
001740,SK네트웍스,KOSPI
001745,SK네트웍스우,KOSPI
006120,SK디스커버리,KOSPI
006125,SK디스커버리우,KOSPI
210980,SK디앤디,KOSPI
068400,SK렌터카,KOSPI
395400,SK리츠,KOSPI
302440,SK바이오사이언스,KOSPI
326030,SK바이오팜,KOSPI
402340,SK스퀘어,KOSPI
361610,SK아이이테크놀로지,KOSPI
03473K,SK우,KOSPI
096770,SK이노베이션,KOSPI
096775,SK이노베이션우,KOSPI
001510,SK증권,KOSPI
001515,SK증권우,KOSPI
285130,SK케미칼,KOSPI
28513K,SK케미칼우,KOSPI
017670,SK텔레콤,KOSPI
000660,SK하이닉스,KOSPI
064960,SNT모티브,KOSPI
100840,SNT에너지,KOSPI
003570,SNT중공업,KOSPI
036530,SNT홀딩스,KOSPI
005610,SPC삼립,KOSPI
011810,STX,KOSPI
077970,STX엔진,KOSPI
071970,STX중공업,KOSPI
002820,SUN&L,KOSPI
084870,TBH글로벌,KOSPI
002710,TCC스틸,KOSPI
002900,TYM,KOSPI
024070,WISCOM,KOSPI
037270,YG PLUS,KOSPI
000500,가온전선,KOSPI
000860,강남제비스코,KOSPI
035250,강원랜드,KOSPI
011420,갤럭시아에스엠,KOSPI
002100,경농,KOSPI
009450,경동나비엔,KOSPI
267290,경동도시가스,KOSPI
012320,경동인베스트,KOSPI
000050,경방,KOSPI
214390,경보제약,KOSPI
012610,경인양행,KOSPI
009140,경인전자,KOSPI
013580,계룡건설,KOSPI
012200,계양전기,KOSPI
012205,계양전기우,KOSPI
002140,고려산업,KOSPI
010130,고려아연,KOSPI
002240,고려제강,KOSPI
009290,광동제약,KOSPI
017040,광명전기,KOSPI
017900,광전자,KOSPI
037710,광주신세계,KOSPI
030610,교보증권,KOSPI
339770,교촌에프앤비,KOSPI
007690,국도화학,KOSPI
005320,국동,KOSPI
001140,국보,KOSPI
002720,국제약품,KOSPI
083420,그린케미칼,KOSPI
014530,극동유화,KOSPI
014280,금강공업,KOSPI
014285,금강공업우,KOSPI
008870,금비,KOSPI
001570,금양,KOSPI
002990,금호건설,KOSPI
002995,금호건설우,KOSPI
011780,금호석유,KOSPI
011785,금호석유우,KOSPI
214330,금호에이치티,KOSPI
001210,금호전기,KOSPI
073240,금호타이어,KOSPI
092440,기신정기,KOSPI
000270,기아,KOSPI
024110,기업은행,KOSPI
013700,까뮤이앤씨,KOSPI
004540,깨끗한나라,KOSPI
004545,깨끗한나라우,KOSPI
001260,남광토건,KOSPI
008350,남선알미늄,KOSPI
008355,남선알미우,KOSPI
004270,남성,KOSPI
003920,남양유업,KOSPI
003925,남양유업우,KOSPI
025860,남해화학,KOSPI
005720,넥센,KOSPI
005725,넥센우,KOSPI
002350,넥센타이어,KOSPI
002355,넥센타이어1우B,KOSPI
003580,넥스트사이언스,KOSPI
251270,넷마블,KOSPI
090350,노루페인트,KOSPI
090355,노루페인트우,KOSPI
000320,노루홀딩스,KOSPI
000325,노루홀딩스우,KOSPI
006280,녹십자,KOSPI
005250,녹십자홀딩스,KOSPI
005257,녹십자홀딩스2우,KOSPI
004370,농심,KOSPI
072710,농심홀딩스,KOSPI
058730,다스코,KOSPI
023590,다우기술,KOSPI
145210,다이나믹디자인,KOSPI
019680,대교,KOSPI
019685,대교우B,KOSPI
006370,대구백화점,KOSPI
008060,대덕,KOSPI
00806K,대덕1우,KOSPI
353200,대덕전자,KOSPI
35320K,대덕전자1우,KOSPI
000490,대동,KOSPI
008110,대동전자,KOSPI
005750,대림B&Co,KOSPI
006570,대림통상,KOSPI
001680,대상,KOSPI
001685,대상우,KOSPI
084690,대상홀딩스,KOSPI
084695,대상홀딩스우,KOSPI
128820,대성산업,KOSPI
117580,대성에너지,KOSPI
016710,대성홀딩스,KOSPI
003540,대신증권,KOSPI
003547,대신증권2우B,KOSPI
003545,대신증권우,KOSPI
009190,대양금속,KOSPI
014160,대영포장,KOSPI
047040,대우건설,KOSPI
009320,대우부품,KOSPI
042660,대우조선해양,KOSPI
003090,대웅,KOSPI
069620,대웅제약,KOSPI
000430,대원강업,KOSPI
006340,대원전선,KOSPI
006345,대원전선우,KOSPI
003220,대원제약,KOSPI
024890,대원화성,KOSPI
002880,대유에이텍,KOSPI
000300,대유플러스,KOSPI
012800,대창,KOSPI
015230,대창단조,KOSPI
001070,대한방직,KOSPI
006650,대한유화,KOSPI
001440,대한전선,KOSPI
084010,대한제강,KOSPI
001790,대한제당,KOSPI
001795,대한제당우,KOSPI
001130,대한제분,KOSPI
003490,대한항공,KOSPI
003495,대한항공우,KOSPI
005880,대한해운,KOSPI
003830,대한화섬,KOSPI
016090,대현,KOSPI
069460,대호에이엘,KOSPI
192080,더블유게임즈,KOSPI
012510,더존비즈온,KOSPI
004830,덕성,KOSPI
004835,덕성우,KOSPI
024900,덕양산업,KOSPI
145720,덴티움,KOSPI
002150,도화엔지니어링,KOSPI
001230,동국제강,KOSPI
023450,동남합성,KOSPI
004140,동방,KOSPI
007590,동방아그로,KOSPI
005960,동부건설,KOSPI
005965,동부건설우,KOSPI
026960,동서,KOSPI
002210,동성제약,KOSPI
102260,동성케미컬,KOSPI
000640,동아쏘시오홀딩스,KOSPI
170900,동아에스티,KOSPI
028100,동아지질,KOSPI
282690,동아타이어,KOSPI
001520,동양,KOSPI
001527,동양2우B,KOSPI
001529,동양3우B,KOSPI
084670,동양고속,KOSPI
082640,동양생명,KOSPI
001525,동양우,KOSPI
008970,동양철관,KOSPI
092780,동양피스톤,KOSPI
049770,동원F&B,KOSPI
018500,동원금속,KOSPI
006040,동원산업,KOSPI
030720,동원수산,KOSPI
014820,동원시스템즈,KOSPI
014825,동원시스템즈우,KOSPI
163560,동일고무벨트,KOSPI
004890,동일산업,KOSPI
002690,동일제강,KOSPI
000020,동화약품,KOSPI
000150,두산,KOSPI
000157,두산2우B,KOSPI
241560,두산밥캣,KOSPI
000155,두산우,KOSPI
034020,두산중공업,KOSPI
336260,두산퓨얼셀,KOSPI
33626K,두산퓨얼셀1우,KOSPI
33626L,두산퓨얼셀2우B,KOSPI
016740,두올,KOSPI
192650,드림텍,KOSPI
024090,디씨엠,KOSPI
003160,디아이,KOSPI
092200,디아이씨,KOSPI
377190,디앤디플랫폼리츠,KOSPI
013570,디와이,KOSPI
210540,디와이파워,KOSPI
007340,디티알오토모티브,KOSPI
026890,디피씨,KOSPI
115390,락앤락,KOSPI
032350,롯데관광개발,KOSPI
089860,롯데렌탈,KOSPI
330590,롯데리츠,KOSPI
000400,롯데손해보험,KOSPI
023530,롯데쇼핑,KOSPI
004000,롯데정밀화학,KOSPI
286940,롯데정보통신,KOSPI
280360,롯데제과,KOSPI
004990,롯데지주,KOSPI
00499K,롯데지주우,KOSPI
005300,롯데칠성,KOSPI
005305,롯데칠성우,KOSPI
011170,롯데케미칼,KOSPI
002270,롯데푸드,KOSPI
071840,롯데하이마트,KOSPI
027740,마니커,KOSPI
204320,만도,KOSPI
001080,만호제강,KOSPI
088980,맥쿼리인프라,KOSPI
094800,맵스리얼티1,KOSPI
138040,메리츠금융지주,KOSPI
008560,메리츠증권,KOSPI
000060,메리츠화재,KOSPI
090370,메타랩스,KOSPI
017180,명문제약,KOSPI
009900,명신산업,KOSPI
012690,모나리자,KOSPI
005360,모나미,KOSPI
204210,모두투어리츠,KOSPI
009680,모토닉,KOSPI
009580,무림P&P,KOSPI
009200,무림페이퍼,KOSPI
033920,무학,KOSPI
008420,문배철강,KOSPI
025560,미래산업,KOSPI
007120,미래아이앤지,KOSPI
357250,미래에셋맵스리츠,KOSPI
085620,미래에셋생명,KOSPI
006800,미래에셋증권,KOSPI
00680K,미래에셋증권2우B,KOSPI
006805,미래에셋증권우,KOSPI
002840,미원상사,KOSPI
268280,미원에스씨,KOSPI
107590,미원홀딩스,KOSPI
134380,미원화학,KOSPI
003650,미창석유,KOSPI
155900,바다로19호,KOSPI
003610,방림,KOSPI
001340,백광산업,KOSPI
035150,백산,KOSPI
002410,범양건영,KOSPI
096300,베트남개발1,KOSPI
007210,벽산,KOSPI
002760,보락,KOSPI
003850,보령제약,KOSPI
000890,보해양조,KOSPI
003000,부광약품,KOSPI
001270,부국증권,KOSPI
001275,부국증권우,KOSPI
026940,부국철강,KOSPI
015350,부산가스,KOSPI
011390,부산산업,KOSPI
005030,부산주공,KOSPI
002070,비비안,KOSPI
100220,비상교육,KOSPI
030790,비케이탑스,KOSPI
005180,빙그레,KOSPI
003960,사조대림,KOSPI
008040,사조동아원,KOSPI
007160,사조산업,KOSPI
014710,사조씨푸드,KOSPI
006090,사조오양,KOSPI
001470,삼부토건,KOSPI
006400,삼성SDI,KOSPI
006405,삼성SDI우,KOSPI
006660,삼성공조,KOSPI
028260,삼성물산,KOSPI
02826K,삼성물산우B,KOSPI
207940,삼성바이오로직스,KOSPI
032830,삼성생명,KOSPI
018260,삼성에스디에스,KOSPI
028050,삼성엔지니어링,KOSPI
009150,삼성전기,KOSPI
009155,삼성전기우,KOSPI
005930,삼성전자,KOSPI
005935,삼성전자우,KOSPI
001360,삼성제약,KOSPI
010140,삼성중공업,KOSPI
010145,삼성중공우,KOSPI
016360,삼성증권,KOSPI
068290,삼성출판사,KOSPI
029780,삼성카드,KOSPI
000810,삼성화재,KOSPI
000815,삼성화재우,KOSPI
006110,삼아알미늄,KOSPI
145990,삼양사,KOSPI
145995,삼양사우,KOSPI
003230,삼양식품,KOSPI
002170,삼양통상,KOSPI
272550,삼양패키징,KOSPI
000070,삼양홀딩스,KOSPI
000075,삼양홀딩스우,KOSPI
002810,삼영무역,KOSPI
005680,삼영전자,KOSPI
003720,삼영화학,KOSPI
023000,삼원강재,KOSPI
004380,삼익THK,KOSPI
002450,삼익악기,KOSPI
004440,삼일씨엔에스,KOSPI
000520,삼일제약,KOSPI
009770,삼정펄프,KOSPI
005500,삼진제약,KOSPI
004690,삼천리,KOSPI
010960,삼호개발,KOSPI
004450,삼화왕관,KOSPI
009470,삼화전기,KOSPI
011230,삼화전자,KOSPI
001820,삼화콘덴서,KOSPI
000390,삼화페인트,KOSPI
001290,상상인증권,KOSPI
041650,상신브레이크,KOSPI
075180,새론오토모티브,KOSPI
007540,샘표,KOSPI
248170,샘표식품,KOSPI
007860,서연,KOSPI
200880,서연이화,KOSPI
017390,서울가스,KOSPI
004410,서울식품,KOSPI
004415,서울식품우,KOSPI
021050,서원,KOSPI
008490,서흥,KOSPI
007610,선도전기,KOSPI
136490,선진,KOSPI
014910,성문전자,KOSPI
014915,성문전자우,KOSPI
003080,성보화학,KOSPI
004980,성신양회,KOSPI
004985,성신양회우,KOSPI
011300,성안,KOSPI
000180,성창기업지주,KOSPI
002420,세기상사,KOSPI
004360,세방,KOSPI
004365,세방우,KOSPI
004490,세방전지,KOSPI
001430,세아베스틸,KOSPI
306200,세아제강,KOSPI
003030,세아제강지주,KOSPI
019440,세아특수강,KOSPI
058650,세아홀딩스,KOSPI
013000,세우글로벌,KOSPI
091090,세원이앤씨,KOSPI
021820,세원정공,KOSPI
067830,세이브존I&C,KOSPI
033530,세종공업,KOSPI
075580,세진중공업,KOSPI
027970,세하,KOSPI
308170,센트랄모텍,KOSPI
012600,센트럴인사이트,KOSPI
068270,셀트리온,KOSPI
336370,솔루스첨단소재,KOSPI
33637K,솔루스첨단소재1우,KOSPI
33637L,솔루스첨단소재2우B,KOSPI
248070,솔루엠,KOSPI
004430,송원산업,KOSPI
017550,수산중공업,KOSPI
053210,스카이라이프,KOSPI
134790,시디즈,KOSPI
016590,신대양제지,KOSPI
029530,신도리코,KOSPI
004970,신라교역,KOSPI
011930,신성이엔지,KOSPI
005390,신성통상,KOSPI
004170,신세계,KOSPI
035510,신세계 I&C,KOSPI
034300,신세계건설,KOSPI
031430,신세계인터내셔날,KOSPI
031440,신세계푸드,KOSPI
006880,신송홀딩스,KOSPI
005800,신영와코루,KOSPI
001720,신영증권,KOSPI
001725,신영증권우,KOSPI
009270,신원,KOSPI
009275,신원우,KOSPI
002700,신일전자,KOSPI
019170,신풍제약,KOSPI
019175,신풍제약우,KOSPI
002870,신풍제지,KOSPI
293940,신한알파리츠,KOSPI
055550,신한지주,KOSPI
004080,신흥,KOSPI
102280,쌍방울,KOSPI
003410,쌍용C&E,KOSPI
003620,쌍용차,KOSPI
004770,써니전자,KOSPI
015540,쎌마테라퓨틱스,KOSPI
004920,씨아이테크,KOSPI
112610,씨에스윈드,KOSPI
008700,아남전자,KOSPI
002790,아모레G,KOSPI
00279K,아모레G3우(전환),KOSPI
002795,아모레G우,KOSPI
090430,아모레퍼시픽,KOSPI
090435,아모레퍼시픽우,KOSPI
002030,아세아,KOSPI
183190,아세아시멘트,KOSPI
002310,아세아제지,KOSPI
012170,아센디오,KOSPI
267850,아시아나IDT,KOSPI
020560,아시아나항공,KOSPI
122900,아이마켓코리아,KOSPI
010780,아이에스동서,KOSPI
139990,아주스틸,KOSPI
001780,알루코,KOSPI
018250,애경산업,KOSPI
161000,애경케미칼,KOSPI
011090,에넥스,KOSPI
137310,에스디바이오센서,KOSPI
005850,에스엘,KOSPI
012750,에스원,KOSPI
023960,에쓰씨엔지니어링,KOSPI
298690,에어부산,KOSPI
140910,에이리츠,KOSPI
078520,에이블씨엔씨,KOSPI
015260,에이엔피,KOSPI
007460,에이프로젠 MED,KOSPI
003060,에이프로젠제약,KOSPI
244920,에이플러스에셋,KOSPI
036570,엔씨소프트,KOSPI
138250,엔에스쇼핑,KOSPI
380440,엔에이치스팩19호,KOSPI
085310,엔케이,KOSPI
900140,엘브이엠씨홀딩스,KOSPI
097520,엠씨넥스,KOSPI
014440,영보화학,KOSPI
111770,영원무역,KOSPI
009970,영원무역홀딩스,KOSPI
003520,영진약품,KOSPI
000670,영풍,KOSPI
006740,영풍제지,KOSPI
012280,영화금속,KOSPI
012160,영흥,KOSPI
015360,예스코홀딩스,KOSPI
007310,오뚜기,KOSPI
002630,오리엔트바이오,KOSPI
271560,오리온,KOSPI
001800,오리온홀딩스,KOSPI
011690,와이투솔루션,KOSPI
070960,용평리조트,KOSPI
316140,우리금융지주,KOSPI
118000,우리들휴브레인,KOSPI
010050,우리종금,KOSPI
006980,우성,KOSPI
017370,우신시스템,KOSPI
105840,우진,KOSPI
010400,우진아이엔에스,KOSPI
049800,우진플라임,KOSPI
016880,웅진,KOSPI
095720,웅진씽크빅,KOSPI
005820,원림,KOSPI
010600,웰바이오텍,KOSPI
008600,윌비스,KOSPI
033270,유나이티드제약,KOSPI
014830,유니드,KOSPI
000910,유니온,KOSPI
047400,유니온머티리얼,KOSPI
011330,유니켐,KOSPI
077500,유니퀘스트,KOSPI
002920,유성기업,KOSPI
000700,유수홀딩스,KOSPI
003470,유안타증권,KOSPI
003475,유안타증권우,KOSPI
072130,유엔젤,KOSPI
000220,유유제약,KOSPI
000225,유유제약1우,KOSPI
000227,유유제약2우B,KOSPI
001200,유진투자증권,KOSPI
000100,유한양행,KOSPI
000105,유한양행우,KOSPI
003460,유화증권,KOSPI
003465,유화증권우,KOSPI
008730,율촌화학,KOSPI
008250,이건산업,KOSPI
025820,이구산업,KOSPI
214320,이노션,KOSPI
088260,이리츠코크렙,KOSPI
139480,이마트,KOSPI
007660,이수페타시스,KOSPI
005950,이수화학,KOSPI
015020,이스타코,KOSPI
093230,이아이디,KOSPI
074610,이엔플러스,KOSPI
102460,이연제약,KOSPI
084680,이월드,KOSPI
350520,이지스레지던스리츠,KOSPI
334890,이지스밸류리츠,KOSPI
000760,이화산업,KOSPI
014990,인디에프,KOSPI
101140,인바이오젠,KOSPI
006490,인스코비,KOSPI
023800,인지컨트롤스,KOSPI
034590,인천도시가스,KOSPI
129260,인터지스,KOSPI
023810,인팩,KOSPI
249420,일동제약,KOSPI
000230,일동홀딩스,KOSPI
013360,일성건설,KOSPI
003120,일성신약,KOSPI
003200,일신방직,KOSPI
007110,일신석재,KOSPI
007570,일양약품,KOSPI
007575,일양약품우,KOSPI
008500,일정실업,KOSPI
081000,일진다이아,KOSPI
020760,일진디스플,KOSPI
020150,일진머티리얼즈,KOSPI
103590,일진전기,KOSPI
271940,일진하이솔루스,KOSPI
015860,일진홀딩스,KOSPI
226320,잇츠한불,KOSPI
317400,자이에스앤디,KOSPI
033240,자화전자,KOSPI
000950,전방,KOSPI
348950,제이알글로벌리츠,KOSPI
194370,제이에스코퍼레이션,KOSPI
025620,제이준코스메틱,KOSPI
036420,제이콘텐트리,KOSPI
030000,제일기획,KOSPI
271980,제일약품,KOSPI
001560,제일연마,KOSPI
002620,제일파마홀딩스,KOSPI
006220,제주은행,KOSPI
089590,제주항공,KOSPI
004910,조광페인트,KOSPI
004700,조광피혁,KOSPI
001550,조비,KOSPI
000480,조선내화,KOSPI
120030,조선선재,KOSPI
018470,조일알미늄,KOSPI
002600,조흥,KOSPI
185750,종근당,KOSPI
063160,종근당바이오,KOSPI
001630,종근당홀딩스,KOSPI
044380,주연테크,KOSPI
013890,지누스,KOSPI
013870,지엠비코리아,KOSPI
071320,지역난방공사,KOSPI
010580,지코,KOSPI
035000,지투알,KOSPI
088790,진도,KOSPI
003780,진양산업,KOSPI
010640,진양폴리,KOSPI
100250,진양홀딩스,KOSPI
051630,진양화학,KOSPI
272450,진에어,KOSPI
011000,진원생명과학,KOSPI
002780,진흥기업,KOSPI
002787,진흥기업2우B,KOSPI
002785,진흥기업우B,KOSPI
009310,참엔지니어링,KOSPI
000650,천일고속,KOSPI
033250,체시스,KOSPI
035720,카카오,KOSPI
323410,카카오뱅크,KOSPI
377300,카카오페이,KOSPI
006380,카프로,KOSPI
109070,컨버즈,KOSPI
001620,케이비아이동국실업,KOSPI
029460,케이씨,KOSPI
281820,케이씨텍,KOSPI
381970,케이카,KOSPI
145270,케이탑리츠,KOSPI
357120,코람코에너지리츠,KOSPI
007815,코리아써우,KOSPI
007810,코리아써키트,KOSPI
00781K,코리아써키트2우B,KOSPI
003690,코리안리,KOSPI
192820,코스맥스,KOSPI
044820,코스맥스비티아이,KOSPI
005070,코스모신소재,KOSPI
005420,코스모화학,KOSPI
071950,코아스,KOSPI
002020,코오롱,KOSPI
003070,코오롱글로벌,KOSPI
003075,코오롱글로벌우,KOSPI
002025,코오롱우,KOSPI
120110,코오롱인더,KOSPI
120115,코오롱인더우,KOSPI
138490,코오롱플라스틱,KOSPI
021240,코웨이,KOSPI
031820,콤텍시스템,KOSPI
192400,쿠쿠홀딩스,KOSPI
284740,쿠쿠홈시스,KOSPI
015590,큐로,KOSPI
264900,크라운제과,KOSPI
26490K,크라운제과우,KOSPI
005740,크라운해태홀딩스,KOSPI
005745,크라운해태홀딩스우,KOSPI
259960,크래프톤,KOSPI
020120,키다리스튜디오,KOSPI
039490,키움증권,KOSPI
014580,태경비케이,KOSPI
015890,태경산업,KOSPI
006890,태경케미컬,KOSPI
003240,태광산업,KOSPI
011280,태림포장,KOSPI
004100,태양금속,KOSPI
004105,태양금속우,KOSPI
009410,태영건설,KOSPI
009415,태영건설우,KOSPI
001420,태원물산,KOSPI
007980,태평양물산,KOSPI
055490,테이팩스,KOSPI
078000,텔코웨어,KOSPI
214420,토니모리,KOSPI
019180,티에이치엔,KOSPI
363280,티와이홀딩스,KOSPI
36328K,티와이홀딩스우,KOSPI
091810,티웨이항공,KOSPI
004870,티웨이홀딩스,KOSPI
005690,파미셀,KOSPI
036580,팜스코,KOSPI
004720,팜젠사이언스,KOSPI
028670,팬오션,KOSPI
010820,퍼스텍,KOSPI
016800,퍼시스,KOSPI
001020,페이퍼코리아,KOSPI
090080,평화산업,KOSPI
010770,평화홀딩스,KOSPI
058430,포스코강판,KOSPI
047050,포스코인터내셔널,KOSPI
003670,포스코케미칼,KOSPI
007630,폴루스바이오팜,KOSPI
017810,풀무원,KOSPI
103140,풍산,KOSPI
005810,풍산홀딩스,KOSPI
950210,프레스티지바이오파마,KOSPI
009810,플레이그램,KOSPI
086790,하나금융지주,KOSPI
293480,하나제약,KOSPI
039130,하나투어,KOSPI
172580,하이골드12호,KOSPI
153360,하이골드3호,KOSPI
352820,하이브,KOSPI
071090,하이스틸,KOSPI
019490,하이트론,KOSPI
000080,하이트진로,KOSPI
000087,하이트진로2우B,KOSPI
000140,하이트진로홀딩스,KOSPI
000145,하이트진로홀딩스우,KOSPI
152550,한국ANKOR유전,KOSPI
036460,한국가스공사,KOSPI
005430,한국공항,KOSPI
071050,한국금융지주,KOSPI
071055,한국금융지주우,KOSPI
010040,한국내화,KOSPI
025540,한국단자,KOSPI
004090,한국석유,KOSPI
002200,한국수출포장,KOSPI
002960,한국쉘석유,KOSPI
000240,한국앤컴퍼니,KOSPI
123890,한국자산신탁,KOSPI
015760,한국전력,KOSPI
006200,한국전자홀딩스,KOSPI
009540,한국조선해양,KOSPI
023350,한국종합기술,KOSPI
025890,한국주강,KOSPI
000970,한국주철관,KOSPI
104700,한국철강,KOSPI
017960,한국카본,KOSPI
161890,한국콜마,KOSPI
024720,한국콜마홀딩스,KOSPI
161390,한국타이어앤테크놀로지,KOSPI
034830,한국토지신탁,KOSPI
007280,한국특강,KOSPI
168490,한국패러랠,KOSPI
010100,한국프랜지,KOSPI
047810,한국항공우주,KOSPI
123690,한국화장품,KOSPI
003350,한국화장품제조,KOSPI
011500,한농화성,KOSPI
002390,한독,KOSPI
014790,한라,KOSPI
060980,한라홀딩스,KOSPI
053690,한미글로벌,KOSPI
042700,한미반도체,KOSPI
008930,한미사이언스,KOSPI
128940,한미약품,KOSPI
009240,한샘,KOSPI
020000,한섬,KOSPI
003680,한성기업,KOSPI
105630,한세실업,KOSPI
069640,한세엠케이,KOSPI
016450,한세예스24홀딩스,KOSPI
010420,한솔PNS,KOSPI
009180,한솔로지스틱스,KOSPI
213500,한솔제지,KOSPI
014680,한솔케미칼,KOSPI
004710,한솔테크닉스,KOSPI
004150,한솔홀딩스,KOSPI
025750,한솔홈데코,KOSPI
004960,한신공영,KOSPI
011700,한신기계,KOSPI
001750,한양증권,KOSPI
001755,한양증권우,KOSPI
018880,한온시스템,KOSPI
009420,한올바이오파마,KOSPI
014130,한익스프레스,KOSPI
300720,한일시멘트,KOSPI
002220,한일철강,KOSPI
006390,한일현대시멘트,KOSPI
003300,한일홀딩스,KOSPI
051600,한전KPS,KOSPI
052690,한전기술,KOSPI
130660,한전산업,KOSPI
002320,한진,KOSPI
097230,한진중공업,KOSPI
003480,한진중공업홀딩스,KOSPI
180640,한진칼,KOSPI
18064K,한진칼우,KOSPI
005110,한창,KOSPI
009460,한창제지,KOSPI
372910,한컴라이프케어,KOSPI
000880,한화,KOSPI
00088K,한화3우B,KOSPI
088350,한화생명,KOSPI
000370,한화손해보험,KOSPI
009830,한화솔루션,KOSPI
009835,한화솔루션우,KOSPI
272210,한화시스템,KOSPI
012450,한화에어로스페이스,KOSPI
000885,한화우,KOSPI
003530,한화투자증권,KOSPI
003535,한화투자증권우,KOSPI
195870,해성디에스,KOSPI
101530,해태제과식품,KOSPI
143210,핸즈코퍼레이션,KOSPI
000720,현대건설,KOSPI
267270,현대건설기계,KOSPI
000725,현대건설우,KOSPI
005440,현대그린푸드,KOSPI
086280,현대글로비스,KOSPI
042670,현대두산인프라코어,KOSPI
064350,현대로템,KOSPI
079430,현대리바트,KOSPI
012330,현대모비스,KOSPI
010620,현대미포조선,KOSPI
069960,현대백화점,KOSPI
004560,현대비앤지스틸,KOSPI
004565,현대비앤지스틸우,KOSPI
004310,현대약품,KOSPI
322000,현대에너지솔루션,KOSPI
017800,현대엘리베이,KOSPI
307950,현대오토에버,KOSPI
011210,현대위아,KOSPI
267260,현대일렉트릭,KOSPI
004020,현대제철,KOSPI
329180,현대중공업,KOSPI
267250,현대중공업지주,KOSPI
005380,현대차,KOSPI
005387,현대차2우B,KOSPI
005389,현대차3우B,KOSPI
005385,현대차우,KOSPI
001500,현대차증권,KOSPI
011760,현대코퍼레이션,KOSPI
227840,현대코퍼레이션홀딩스,KOSPI
126560,현대퓨처넷,KOSPI
001450,현대해상,KOSPI
057050,현대홈쇼핑,KOSPI
093240,형지엘리트,KOSPI
003010,혜인,KOSPI
111110,호전실업,KOSPI
008770,호텔신라,KOSPI
008775,호텔신라우,KOSPI
002460,화성산업,KOSPI
378850,화승알앤에이,KOSPI
241590,화승엔터프라이즈,KOSPI
006060,화승인더,KOSPI
013520,화승코퍼레이션,KOSPI
010690,화신,KOSPI
133820,화인베스틸,KOSPI
010660,화천기계,KOSPI
000850,화천기공,KOSPI
016580,환인제약,KOSPI
032560,황금에스티,KOSPI
004800,효성,KOSPI
094280,효성ITX,KOSPI
298040,효성중공업,KOSPI
298050,효성첨단소재,KOSPI
298020,효성티앤씨,KOSPI
298000,효성화학,KOSPI
093370,후성,KOSPI
081660,휠라홀딩스,KOSPI
005870,휴니드,KOSPI
079980,휴비스,KOSPI
005010,휴스틸,KOSPI
069260,휴켐스,KOSPI
000540,흥국화재,KOSPI
000547,흥국화재2우B,KOSPI
000545,흥국화재우,KOSPI
003280,흥아해운,KOSPI
060310,3S,KOSDAQ
054620,APS홀딩스,KOSDAQ
265520,AP시스템,KOSDAQ
211270,AP위성,KOSDAQ
032790,BNGT,KOSDAQ
013720,CBI,KOSDAQ
035760,CJ ENM,KOSDAQ
051500,CJ프레시웨이,KOSDAQ
058820,CMG제약,KOSDAQ
023460,CNH,KOSDAQ
056730,CNT85,KOSDAQ
056000,COWON,KOSDAQ
065770,CS,KOSDAQ
083660,CSA 코스믹,KOSDAQ
367340,DB금융스팩8호,KOSDAQ
367360,DB금융스팩9호,KOSDAQ
068790,DMS,KOSDAQ
241520,DSC인베스트먼트,KOSDAQ
245620,EDGC,KOSDAQ
037370,EG,KOSDAQ
079190,EMW,KOSDAQ
050120,ES큐브,KOSDAQ
214270,FSN,KOSDAQ
130500,GH신소재,KOSDAQ
900290,GRT,KOSDAQ
083450,GST,KOSDAQ
045890,GV,KOSDAQ
297890,HB솔루션,KOSDAQ
078150,HB테크놀러지,KOSDAQ
195940,HK이노엔,KOSDAQ
036640,HRS,KOSDAQ
335870,IBKS제12호스팩,KOSDAQ
351340,IBKS제13호스팩,KOSDAQ
351320,IBKS제14호스팩,KOSDAQ
373200,IBKS제15호스팩,KOSDAQ
388790,IBKS제16호스팩,KOSDAQ
095340,ISC,KOSDAQ
099520,ITX-AI,KOSDAQ
950170,JTC,KOSDAQ
067290,JW신약,KOSDAQ
035900,JYP Ent.,KOSDAQ
024840,KBI메탈,KOSDAQ
024120,KB오토시스,KOSDAQ
021320,KCC건설,KOSDAQ
036670,KCI,KOSDAQ
044180,KD,KOSDAQ
151860,KG ETS,KOSDAQ
046440,KG모빌리언스,KOSDAQ
035600,KG이니시스,KOSDAQ
226360,KH E&T,KOSDAQ
111870,KH 일렉트론,KOSDAQ
060720,KH바텍,KOSDAQ
122450,KMH,KOSDAQ
052900,KMH하이텍,KOSDAQ
058400,KNN,KOSDAQ
114450,KPX생명과학,KOSDAQ
060370,KT서브마린,KOSDAQ
108320,LX세미콘,KOSDAQ
160550,NEW,KOSDAQ
053290,NE능률,KOSDAQ
104200,NHN벅스,KOSDAQ
060250,NHN한국사이버결제,KOSDAQ
030190,NICE평가정보,KOSDAQ
078590,OQP,KOSDAQ
024940,PN풍년,KOSDAQ
218410,RFHIC,KOSDAQ
327260,RF머트리얼즈,KOSDAQ
091340,S&K폴리텍,KOSDAQ
019550,SBI인베스트먼트,KOSDAQ
950110,SBI핀테크솔루션즈,KOSDAQ
046140,SBS콘텐츠허브,KOSDAQ
036120,SCI평가정보,KOSDAQ
099220,SDN,KOSDAQ
036540,SFA반도체,KOSDAQ
255220,SG,KOSDAQ
040610,SG&G,KOSDAQ
049470,SGA,KOSDAQ
184230,SGA솔루션즈,KOSDAQ
016250,SGC이테크건설,KOSDAQ
337450,SK5호스팩,KOSDAQ
340350,SK6호스팩,KOSDAQ
036490,SK머티리얼즈,KOSDAQ
048550,SM C&C,KOSDAQ
063440,SM Life Design,KOSDAQ
950180,SNK,KOSDAQ
289080,SV인베스트먼트,KOSDAQ
089230,THE E&M,KOSDAQ
161570,THE MIDONG,KOSDAQ
192410,THQ,KOSDAQ
032540,TJ미디어,KOSDAQ
048770,TPC,KOSDAQ
246690,TS인베스트먼트,KOSDAQ
317240,TS트릴리온,KOSDAQ
038340,UCI,KOSDAQ
073570,WI,KOSDAQ
057030,YBM넷,KOSDAQ
040300,YTN,KOSDAQ
051390,YW,KOSDAQ
052220,iMBC,KOSDAQ
079940,가비아,KOSDAQ
078890,가온미디어,KOSDAQ
036620,감성코퍼레이션,KOSDAQ
217730,강스템바이오텍,KOSDAQ
114190,강원에너지,KOSDAQ
094480,갤럭시아머니트리,KOSDAQ
063080,게임빌,KOSDAQ
039240,경남스틸,KOSDAQ
053950,경남제약,KOSDAQ
223310,경남제약헬스케어,KOSDAQ
011040,경동제약,KOSDAQ
024910,경창산업,KOSDAQ
198440,고려시멘트,KOSDAQ
049720,고려신용정보,KOSDAQ
014570,고려제약,KOSDAQ
348150,고바이오랩,KOSDAQ
098460,고영,KOSDAQ
035290,골드앤에스,KOSDAQ
038530,골드퍼시픽,KOSDAQ
900280,골든센츄리,KOSDAQ
215000,골프존,KOSDAQ
121440,골프존뉴딘홀딩스,KOSDAQ
014200,광림,KOSDAQ
026910,광진실업,KOSDAQ
090150,광진윈텍,KOSDAQ
355150,교보10호스팩,KOSDAQ
331520,교보9호스팩,KOSDAQ
053270,구영테크,KOSDAQ
066620,국보디자인,KOSDAQ
043650,국순당,KOSDAQ
006050,국영지앤엠,KOSDAQ
060480,국일신동,KOSDAQ
078130,국일제지,KOSDAQ
307750,국전약품,KOSDAQ
204020,그리티,KOSDAQ
186230,그린플러스,KOSDAQ
900070,글로벌에스엠,KOSDAQ
204620,글로벌텍스프리,KOSDAQ
019660,글로본,KOSDAQ
053260,금강철강,KOSDAQ
036190,금화피에스시,KOSDAQ
049080,기가레인,KOSDAQ
035460,기산텔레콤,KOSDAQ
308100,까스텔바작,KOSDAQ
187790,나노,KOSDAQ
286750,나노브릭,KOSDAQ
151910,나노스,KOSDAQ
121600,나노신소재,KOSDAQ
247660,나노씨엠에스,KOSDAQ
039860,나노엔텍,KOSDAQ
091970,나노캠텍,KOSDAQ
051490,나라엠앤디,KOSDAQ
190510,나무가,KOSDAQ
242040,나무기술,KOSDAQ
089600,나스미디어,KOSDAQ
293580,나우IB,KOSDAQ
138610,나이벡,KOSDAQ
130580,나이스디앤비,KOSDAQ
036800,나이스정보통신,KOSDAQ
267320,나인테크,KOSDAQ
111710,남화산업,KOSDAQ
091590,남화토건,KOSDAQ
168330,내츄럴엔도텍,KOSDAQ
094860,네오리진,KOSDAQ
253590,네오셈,KOSDAQ
212560,네오오토,KOSDAQ
095660,네오위즈,KOSDAQ
042420,네오위즈홀딩스,KOSDAQ
950220,네오이뮨텍(Reg.S),KOSDAQ
311390,네오크레마,KOSDAQ
085910,네오티스,KOSDAQ
092730,네오팜,KOSDAQ
290660,네오펙트,KOSDAQ
306620,네온테크,KOSDAQ
153460,네이블,KOSDAQ
007390,네이처셀,KOSDAQ
033640,네패스,KOSDAQ
330860,네패스아크,KOSDAQ
089140,넥스턴바이오,KOSDAQ
065170,넥스트BT,KOSDAQ
137940,넥스트아이,KOSDAQ
348210,넥스틴,KOSDAQ
041140,넥슨지티,KOSDAQ
217270,넵튠,KOSDAQ
225570,넷게임즈,KOSDAQ
104620,노랑풍선,KOSDAQ
194700,노바렉스,KOSDAQ
285490,노바텍,KOSDAQ
278650,노터스,KOSDAQ
142280,녹십자엠에스,KOSDAQ
234690,녹십자웰빙,KOSDAQ
065560,녹원씨엔아이,KOSDAQ
054050,농우바이오,KOSDAQ
069140,누리플랜,KOSDAQ
040160,누리플렉스,KOSDAQ
126870,뉴로스,KOSDAQ
060260,뉴보텍,KOSDAQ
012340,뉴인텍,KOSDAQ
214870,뉴지랩파마,KOSDAQ
270870,뉴트리,KOSDAQ
144960,뉴파워프라즈마,KOSDAQ
085670,뉴프렉스,KOSDAQ
119860,다나와,KOSDAQ
064260,다날,KOSDAQ
093640,다믈멀티미디어,KOSDAQ
340360,다보링크,KOSDAQ
039560,다산네트웍스,KOSDAQ
032190,다우데이타,KOSDAQ
068240,다원시스,KOSDAQ
020400,대동금속,KOSDAQ
008830,대동기어,KOSDAQ
048470,대동스틸,KOSDAQ
004780,대륙제관,KOSDAQ
017650,대림제지,KOSDAQ
007720,대명소노시즌,KOSDAQ
317850,대모,KOSDAQ
290670,대보마그네틱,KOSDAQ
078140,대봉엘에스,KOSDAQ
036480,대성미생물,KOSDAQ
025440,대성엘텍,KOSDAQ
027830,대성창투,KOSDAQ
104040,대성파인텍,KOSDAQ
387310,대신밸런스제10호스팩,KOSDAQ
397500,대신밸런스제11호스팩,KOSDAQ
332290,대신밸런스제7호스팩,KOSDAQ
336570,대신밸런스제8호스팩,KOSDAQ
369370,대신밸런스제9호스팩,KOSDAQ
020180,대신정보통신,KOSDAQ
045390,대아티아이,KOSDAQ
108380,대양전기공업,KOSDAQ
006580,대양제지,KOSDAQ
007680,대원,KOSDAQ
048910,대원미디어,KOSDAQ
005710,대원산업,KOSDAQ
290380,대유,KOSDAQ
290120,대유에이피,KOSDAQ
120240,대정화금,KOSDAQ
003310,대주산업,KOSDAQ
078600,대주전자재료,KOSDAQ
096350,대창솔루션,KOSDAQ
140520,대창스틸,KOSDAQ
131220,대한과학,KOSDAQ
010170,대한광통신,KOSDAQ
060900,대한그린파워,KOSDAQ
054670,대한뉴팜,KOSDAQ
023910,대한약품,KOSDAQ
021040,대호특수강,KOSDAQ
021045,대호특수강우,KOSDAQ
067080,대화제약,KOSDAQ
298540,더네이쳐홀딩스,KOSDAQ
299170,더블유에스아이,KOSDAQ
213420,덕산네오룩스,KOSDAQ
317330,덕산테코피아,KOSDAQ
077360,덕산하이메탈,KOSDAQ
090410,덕신하우징,KOSDAQ
263600,덕우전자,KOSDAQ
194480,데브시스터즈,KOSDAQ
263800,데이타솔루션,KOSDAQ
206560,덱스터,KOSDAQ
261200,덴티스,KOSDAQ
067990,도이치모터스,KOSDAQ
006620,동구바이오제약,KOSDAQ
100130,동국S&C,KOSDAQ
005160,동국산업,KOSDAQ
075970,동국알앤에스,KOSDAQ
086450,동국제약,KOSDAQ
099410,동방선기,KOSDAQ
033500,동성화인텍,KOSDAQ
025950,동신건설,KOSDAQ
088130,동아엘텍,KOSDAQ
041930,동아화성,KOSDAQ
060380,동양에스텍,KOSDAQ
079960,동양이엔피,KOSDAQ
228340,동양파일,KOSDAQ
088910,동우팜투테이블,KOSDAQ
094170,동운아나텍,KOSDAQ
013120,동원개발,KOSDAQ
109860,동일금속,KOSDAQ
032960,동일기연,KOSDAQ
023790,동일철강,KOSDAQ
005290,동진쎄미켐,KOSDAQ
025900,동화기업,KOSDAQ
073190,듀오백,KOSDAQ
030350,드래곤플라이,KOSDAQ
203650,드림시큐리티,KOSDAQ
223250,드림씨아이에스,KOSDAQ
060570,드림어스컴퍼니,KOSDAQ
217620,디딤,KOSDAQ
187870,디바이스이엔지,KOSDAQ
066670,디스플레이텍,KOSDAQ
110990,디아이티,KOSDAQ
263690,디알젬,KOSDAQ
214680,디알텍,KOSDAQ
263720,디앤씨미디어,KOSDAQ
376300,디어유,KOSDAQ
109740,디에스케이,KOSDAQ
131030,디에이치피코리아,KOSDAQ
196490,디에이테크놀로지,KOSDAQ
066900,디에이피,KOSDAQ
127120,디엔에이링크,KOSDAQ
092070,디엔에프,KOSDAQ
134580,디엠티,KOSDAQ
039840,디오,KOSDAQ
219550,디와이디대양,KOSDAQ
104460,디와이피엔에프,KOSDAQ
079810,디이엔티,KOSDAQ
113810,디젠스,KOSDAQ
043360,디지아이,KOSDAQ
197140,디지캡,KOSDAQ
106520,디지탈옵틱,KOSDAQ
068930,디지털대성,KOSDAQ
033130,디지틀조선,KOSDAQ
105740,디케이락,KOSDAQ
263020,디케이앤디,KOSDAQ
290550,디케이티,KOSDAQ
187220,디티앤씨,KOSDAQ
131180,딜리,KOSDAQ
315640,딥노이드,KOSDAQ
317120,라닉스,KOSDAQ
042510,라온시큐어,KOSDAQ
232680,라온테크,KOSDAQ
300120,라온피플,KOSDAQ
171120,라이온켐텍,KOSDAQ
069540,라이트론,KOSDAQ
347700,라이프시맨틱스,KOSDAQ
214260,라파스,KOSDAQ
171010,램테크놀러지,KOSDAQ
084650,랩지노믹스,KOSDAQ
217500,러셀,KOSDAQ
141080,레고켐바이오,KOSDAQ
060300,레드로버,KOSDAQ
038390,레드캡투어,KOSDAQ
294140,레몬,KOSDAQ
228670,레이,KOSDAQ
228850,레이언스,KOSDAQ
281740,레이크머티리얼즈,KOSDAQ
277810,레인보우로보틱스,KOSDAQ
215100,로보로보,KOSDAQ
090360,로보스타,KOSDAQ
108490,로보티즈,KOSDAQ
900260,로스웰,KOSDAQ
067730,로지시스,KOSDAQ
071280,로체시스템즈,KOSDAQ
038060,루멘스,KOSDAQ
085370,루트로닉,KOSDAQ
08537M,루트로닉3우C,KOSDAQ
060240,룽투코리아,KOSDAQ
058470,리노공업,KOSDAQ
039980,리노스,KOSDAQ
019570,리더스 기술투자,KOSDAQ
016100,리더스코스메틱,KOSDAQ
012700,리드코프,KOSDAQ
302550,리메드,KOSDAQ
377450,리파인,KOSDAQ
029480,릭스솔루션,KOSDAQ
277070,린드먼아시아,KOSDAQ
042500,링네트,KOSDAQ
219420,링크제니시스,KOSDAQ
195500,마니커에프앤지,KOSDAQ
222810,마이더스AI,KOSDAQ
305090,마이크로디지탈,KOSDAQ
098120,마이크로컨텍솔,KOSDAQ
147760,마이크로프랜드,KOSDAQ
377480,마인즈랩,KOSDAQ
038290,마크로젠,KOSDAQ
220630,맘스터치,KOSDAQ
267980,매일유업,KOSDAQ
005990,매일홀딩스,KOSDAQ
127160,매직마이크로,KOSDAQ
093520,매커스,KOSDAQ
377030,맥스트,KOSDAQ
100590,머큐리,KOSDAQ
067280,멀티캠퍼스,KOSDAQ
072870,메가스터디,KOSDAQ
215200,메가스터디교육,KOSDAQ
133750,메가엠디,KOSDAQ
235980,메드팩토,KOSDAQ
041920,메디아나,KOSDAQ
014100,메디앙스,KOSDAQ
054180,메디콕스,KOSDAQ
086900,메디톡스,KOSDAQ
078160,메디포스트,KOSDAQ
065650,메디프론,KOSDAQ
021880,메이슨캐피탈,KOSDAQ
140410,메지온,KOSDAQ
241770,메카로,KOSDAQ
059210,메타바이오메드,KOSDAQ
058110,멕아이씨에스,KOSDAQ
096640,멜파스,KOSDAQ
257370,명성티엔에스,KOSDAQ
080420,모다이노칩,KOSDAQ
080160,모두투어,KOSDAQ
100030,모바일리더,KOSDAQ
087260,모바일어플라이언스,KOSDAQ
101330,모베이스,KOSDAQ
012860,모베이스전자,KOSDAQ
348030,모비릭스,KOSDAQ
250060,모비스,KOSDAQ
033200,모아텍,KOSDAQ
118990,모트렉스,KOSDAQ
006920,모헨즈,KOSDAQ
001810,무림SP,KOSDAQ
279600,미디어젠,KOSDAQ
095500,미래나노텍,KOSDAQ
218150,미래생명자원,KOSDAQ
353490,미래에셋대우스팩 5호,KOSDAQ
328380,미래에셋대우스팩3호,KOSDAQ
100790,미래에셋벤처투자,KOSDAQ
049950,미래컴퍼니,KOSDAQ
207760,미스터블루,KOSDAQ
059090,미코,KOSDAQ
214610,미코바이오메드,KOSDAQ
201490,미투온,KOSDAQ
950190,미투젠,KOSDAQ
214180,민앤지,KOSDAQ
206640,바디텍메드,KOSDAQ
018700,바른손,KOSDAQ
035620,바른손이앤에이,KOSDAQ
064520,바른전자,KOSDAQ
053030,바이넥스,KOSDAQ
301300,바이브컴퍼니,KOSDAQ
064550,바이오니아,KOSDAQ
314930,바이오다인,KOSDAQ
208710,바이오로그디바이스,KOSDAQ
142760,바이오리더스,KOSDAQ
086820,바이오솔루션,KOSDAQ
038460,바이오스마트,KOSDAQ
086040,바이오톡스텍,KOSDAQ
099430,바이오플러스,KOSDAQ
032980,바이온,KOSDAQ
222160,바이옵트로,KOSDAQ
308080,바이젠셀,KOSDAQ
043150,바텍,KOSDAQ
323990,박셀바이오,KOSDAQ
267790,배럴,KOSDAQ
046310,백금T&A,KOSDAQ
066410,버킷스튜디오,KOSDAQ
206400,베노홀딩스,KOSDAQ
019010,베뉴지,KOSDAQ
177350,베셀,KOSDAQ
299910,베스파,KOSDAQ
225530,보광산업,KOSDAQ
250000,보라티알,KOSDAQ
006910,보성파워텍,KOSDAQ
226340,본느,KOSDAQ
014470,부방,KOSDAQ
008470,부스타,KOSDAQ
338220,뷰노,KOSDAQ
100120,뷰웍스,KOSDAQ
337930,브랜드엑스코퍼레이션,KOSDAQ
099390,브레인즈컴퍼니,KOSDAQ
064480,브리지텍,KOSDAQ
288330,브릿지바이오테라퓨틱스,KOSDAQ
251630,브이원텍,KOSDAQ
018290,브이티지엠피,KOSDAQ
044480,블루베리 NFT,KOSDAQ
033560,블루콤,KOSDAQ
126340,비나텍,KOSDAQ
121800,비덴트,KOSDAQ
148140,비디아이,KOSDAQ
082800,비보존 헬스케어,KOSDAQ
318410,비비씨,KOSDAQ
200780,비씨월드제약,KOSDAQ
141000,비아트론,KOSDAQ
090460,비에이치,KOSDAQ
083650,비에이치아이,KOSDAQ
086670,비엠티,KOSDAQ
335890,비올,KOSDAQ
138580,비즈니스온,KOSDAQ
082920,비츠로셀,KOSDAQ
054220,비츠로시스,KOSDAQ
042370,비츠로테크,KOSDAQ
307870,비투엔,KOSDAQ
357880,비트나인,KOSDAQ
032850,비트컴퓨터,KOSDAQ
238200,비피도,KOSDAQ
093190,빅솔론,KOSDAQ
065450,빅텍,KOSDAQ
072950,빛샘전자,KOSDAQ
143240,사람인에이치알,KOSDAQ
100090,삼강엠앤티,KOSDAQ
122350,삼기,KOSDAQ
014970,삼륭물산,KOSDAQ
018310,삼목에스폼,KOSDAQ
053700,삼보모터스,KOSDAQ
009620,삼보산업,KOSDAQ
023600,삼보판지,KOSDAQ
380320,삼성머스트스팩5호,KOSDAQ
377630,삼성스팩4호,KOSDAQ
009300,삼아제약,KOSDAQ
225190,삼양옵틱스,KOSDAQ
361670,삼영에스앤씨,KOSDAQ
054540,삼영엠텍,KOSDAQ
065570,삼영이엔씨,KOSDAQ
032280,삼일,KOSDAQ
002290,삼일기업공사,KOSDAQ
037460,삼지전자,KOSDAQ
032750,삼진,KOSDAQ
054090,삼진엘앤디,KOSDAQ
000250,삼천당제약,KOSDAQ
024950,삼천리자전거,KOSDAQ
038500,삼표시멘트,KOSDAQ
017480,삼현철강,KOSDAQ
046390,삼화네트웍스,KOSDAQ
027580,상보,KOSDAQ
038540,상상인,KOSDAQ
329560,상상인이안제2호스팩,KOSDAQ
101000,상상인인더스트리,KOSDAQ
091580,상신이디피,KOSDAQ
263810,상신전자,KOSDAQ
089980,상아프론테크,KOSDAQ
042940,상지카일룸,KOSDAQ
042600,새로닉스,KOSDAQ
252990,샘씨엔에스,KOSDAQ
263540,샘코,KOSDAQ
294630,서남,KOSDAQ
038070,서린바이오,KOSDAQ
006730,서부T&D,KOSDAQ
079650,서산,KOSDAQ
100660,서암기계공업,KOSDAQ
019770,서연탑메탈,KOSDAQ
043710,서울리거,KOSDAQ
092190,서울바이오시스,KOSDAQ
046890,서울반도체,KOSDAQ
063170,서울옥션,KOSDAQ
027040,서울전자통신,KOSDAQ
018680,서울제약,KOSDAQ
093920,서원인텍,KOSDAQ
189860,서전기전,KOSDAQ
178320,서진시스템,KOSDAQ
122690,서진오토모티브,KOSDAQ
140070,서플러스글로벌,KOSDAQ
011370,서한,KOSDAQ
065710,서호전기,KOSDAQ
035890,서희건설,KOSDAQ
357550,석경에이티,KOSDAQ
003100,선광,KOSDAQ
123420,선데이토즈,KOSDAQ
171090,선익시스템,KOSDAQ
086710,선진뷰티사이언스,KOSDAQ
014620,성광벤드,KOSDAQ
037350,성도이엔지,KOSDAQ
081580,성우전자,KOSDAQ
045300,성우테크론,KOSDAQ
015750,성우하이텍,KOSDAQ
080470,성창오토텍,KOSDAQ
043260,성호전자,KOSDAQ
148150,세경하이테크,KOSDAQ
053060,세동,KOSDAQ
017510,세명전기,KOSDAQ
011560,세보엠이씨,KOSDAQ
052190,세영디앤씨,KOSDAQ
100700,세운메디칼,KOSDAQ
234100,세원,KOSDAQ
024830,세원물산,KOSDAQ
258830,세종메디칼,KOSDAQ
036630,세종텔레콤,KOSDAQ
039310,세중,KOSDAQ
067770,세진티에스,KOSDAQ
053450,세코닉스,KOSDAQ
234340,세틀뱅크,KOSDAQ
252500,세화피앤씨,KOSDAQ
347000,센코,KOSDAQ
331920,셀레믹스,KOSDAQ
049180,셀루메드,KOSDAQ
299660,셀리드,KOSDAQ
268600,셀리버리,KOSDAQ
108860,셀바스AI,KOSDAQ
208370,셀바스헬스케어,KOSDAQ
068760,셀트리온제약,KOSDAQ
091990,셀트리온헬스케어,KOSDAQ
290690,소룩스,KOSDAQ
053110,소리바다,KOSDAQ
950200,소마젠,KOSDAQ
032680,소프트센,KOSDAQ
032685,소프트센우,KOSDAQ
258790,소프트캠프,KOSDAQ
066910,손오공,KOSDAQ
043100,솔고바이오,KOSDAQ
154040,솔루에타,KOSDAQ
035610,솔본,KOSDAQ
357780,솔브레인,KOSDAQ
036830,솔브레인홀딩스,KOSDAQ
304100,솔트룩스,KOSDAQ
086980,쇼박스,KOSDAQ
050960,수산아이앤티,KOSDAQ
084180,수성이노베이션,KOSDAQ
253840,수젠텍,KOSDAQ
058530,슈펙스비앤피,KOSDAQ
236200,슈프리마,KOSDAQ
317770,슈프리마아이디,KOSDAQ
094840,슈프리마에이치큐,KOSDAQ
192440,슈피겐코리아,KOSDAQ
099440,스맥,KOSDAQ
033790,스카이문스테크놀로지,KOSDAQ
131100,스카이이앤엠,KOSDAQ
159910,스킨앤스킨,KOSDAQ
115570,스타플렉스,KOSDAQ
253450,스튜디오드래곤,KOSDAQ
204630,스튜디오산타클로스,KOSDAQ
013810,스페코,KOSDAQ
039670,스포츠서울,KOSDAQ
049830,승일,KOSDAQ
020710,시공테크,KOSDAQ
033170,시그네틱스,KOSDAQ
048870,시너지이노베이션,KOSDAQ
025320,시노펙스,KOSDAQ
269620,시스웍,KOSDAQ
131090,시큐브,KOSDAQ
139050,시티랩스,KOSDAQ
290520,신도기연,KOSDAQ
001000,신라섬유,KOSDAQ
025870,신라에스지,KOSDAQ
215600,신라젠,KOSDAQ
065350,신성델타테크,KOSDAQ
002800,신신제약,KOSDAQ
323280,신영스팩5호,KOSDAQ
344050,신영스팩6호,KOSDAQ
017000,신원종합개발,KOSDAQ
012790,신일제약,KOSDAQ
138070,신진에스엠,KOSDAQ
226330,신테카바이오,KOSDAQ
333050,신한제6호스팩,KOSDAQ
366330,신한제7호스팩,KOSDAQ
393360,신한제8호스팩,KOSDAQ
056700,신화인터텍,KOSDAQ
187270,신화콘텍,KOSDAQ
243840,신흥에스이씨,KOSDAQ
257720,실리콘투,KOSDAQ
222800,심텍,KOSDAQ
036710,심텍홀딩스,KOSDAQ
160980,싸이맥스,KOSDAQ
356890,싸이버원,KOSDAQ
217330,싸이토젠,KOSDAQ
010280,쌍용정보통신,KOSDAQ
208640,썸에이지,KOSDAQ
222420,쎄노텍,KOSDAQ
037760,쎄니트,KOSDAQ
099320,쎄트렉아이,KOSDAQ
049960,쎌바이오텍,KOSDAQ
050890,쏠리드,KOSDAQ
066790,씨씨에스,KOSDAQ
222080,씨아이에스,KOSDAQ
352480,씨앤씨인터내셔널,KOSDAQ
264660,씨앤지하이테크,KOSDAQ
352700,씨앤투스성진,KOSDAQ
297090,씨에스베어링,KOSDAQ
115530,씨엔플러스,KOSDAQ
225330,씨엠에스에듀,KOSDAQ
115480,씨유메디칼,KOSDAQ
376290,씨유테크,KOSDAQ
189330,씨이랩,KOSDAQ
096530,씨젠,KOSDAQ
900120,씨케이에이치,KOSDAQ
101240,씨큐브,KOSDAQ
060590,씨티씨바이오,KOSDAQ
260930,씨티케이,KOSDAQ
013990,아가방컴퍼니,KOSDAQ
123860,아나패스,KOSDAQ
025980,아난티,KOSDAQ
050320,아래스,KOSDAQ
058220,아리온,KOSDAQ
125210,아모그린텍,KOSDAQ
357580,아모센스,KOSDAQ
052710,아모텍,KOSDAQ
074430,아미노로직스,KOSDAQ
092040,아미코젠,KOSDAQ
083930,아바코,KOSDAQ
149950,아바텍,KOSDAQ
036010,아비코전자,KOSDAQ
050860,아세아텍,KOSDAQ
246720,아스타,KOSDAQ
067390,아스트,KOSDAQ
159010,아스플로,KOSDAQ
127710,아시아경제,KOSDAQ
154030,아시아종묘,KOSDAQ
227610,아우딘퓨쳐스,KOSDAQ
143160,아이디스,KOSDAQ
054800,아이디스홀딩스,KOSDAQ
332370,아이디피,KOSDAQ
339950,아이비김영,KOSDAQ
099190,아이센스,KOSDAQ
289010,아이스크림에듀,KOSDAQ
214430,아이쓰리시스템,KOSDAQ
040910,아이씨디,KOSDAQ
068940,아이씨케이,KOSDAQ
052860,아이앤씨,KOSDAQ
069920,아이에스이커머스,KOSDAQ
038880,아이에이,KOSDAQ
307180,아이엘사이언스,KOSDAQ
101390,아이엠,KOSDAQ
078860,아이오케이,KOSDAQ
114810,아이원스,KOSDAQ
031310,아이즈비전,KOSDAQ
185490,아이진,KOSDAQ
059100,아이컴포넌트,KOSDAQ
262840,아이퀘스트,KOSDAQ
175250,아이큐어,KOSDAQ
052460,아이크래프트,KOSDAQ
119830,아이텍,KOSDAQ
052770,아이톡시,KOSDAQ
124500,아이티센,KOSDAQ
372800,아이티아이즈,KOSDAQ
084850,아이티엠반도체,KOSDAQ
114840,아이패밀리에스씨,KOSDAQ
027360,아주IB투자,KOSDAQ
032080,아즈텍WB,KOSDAQ
013310,아진산업,KOSDAQ
059120,아진엑스텍,KOSDAQ
158430,아톤,KOSDAQ
067160,아프리카TV,KOSDAQ
001540,안국약품,KOSDAQ
053800,안랩,KOSDAQ
065660,안트로젠,KOSDAQ
297570,알로이스,KOSDAQ
260660,알리코제약,KOSDAQ
361570,알비더블유,KOSDAQ
131370,알서포트,KOSDAQ
140670,알에스오토메이션,KOSDAQ
096610,알에프세미,KOSDAQ
061040,알에프텍,KOSDAQ
148250,알엔투테크놀로지,KOSDAQ
347860,알체라,KOSDAQ
196170,알테오젠,KOSDAQ
123750,알톤스포츠,KOSDAQ
085810,알티캐스트,KOSDAQ
117670,알파홀딩스,KOSDAQ
291650,압타머사이언스,KOSDAQ
293780,압타바이오,KOSDAQ
196300,애니젠,KOSDAQ
310200,애니플러스,KOSDAQ
900100,애머릿지,KOSDAQ
205500,액션스퀘어,KOSDAQ
052790,액토즈소프트,KOSDAQ
290740,액트로,KOSDAQ
238090,앤디포스,KOSDAQ
092600,앤씨앤,KOSDAQ
129890,앱코,KOSDAQ
174900,앱클론,KOSDAQ
255440,야스,KOSDAQ
060230,얍엑스,KOSDAQ
030960,양지사,KOSDAQ
102120,어보브반도체,KOSDAQ
238120,얼라인드,KOSDAQ
019990,에너토크,KOSDAQ
136510,에디슨EV,KOSDAQ
270660,에브리봇,KOSDAQ
038680,에스넷,KOSDAQ
217480,에스디생명공학,KOSDAQ
121890,에스디시스템,KOSDAQ
097780,에스맥,KOSDAQ
042110,에스씨디,KOSDAQ
298060,에스씨엠생명과학,KOSDAQ
065420,에스아이리소스,KOSDAQ
103230,에스앤더블류,KOSDAQ
260970,에스앤디,KOSDAQ
101490,에스앤에스텍,KOSDAQ
095910,에스에너지,KOSDAQ
275630,에스에스알,KOSDAQ
031330,에스에이엠티,KOSDAQ
060540,에스에이티,KOSDAQ
056190,에스에프에이,KOSDAQ
080000,에스엔유,KOSDAQ
214310,에스엘바이오닉스,KOSDAQ
041510,에스엠,KOSDAQ
007820,에스엠코어,KOSDAQ
109610,에스와이,KOSDAQ
306040,에스제이그룹,KOSDAQ
096630,에스코넥,KOSDAQ
069510,에스텍,KOSDAQ
041910,에스텍파마,KOSDAQ
234300,에스트래픽,KOSDAQ
039440,에스티아이,KOSDAQ
098660,에스티오,KOSDAQ
052020,에스티큐브,KOSDAQ
237690,에스티팜,KOSDAQ
050760,에스폴리텍,KOSDAQ
288620,에스퓨얼셀,KOSDAQ
317830,에스피시스템스,KOSDAQ
058610,에스피지,KOSDAQ
043340,에쎈테크,KOSDAQ
187660,에이디엠코리아,KOSDAQ
054630,에이디칩스,KOSDAQ
200710,에이디테크놀로지,KOSDAQ
096690,에이루트,KOSDAQ
298380,에이비엘바이오,KOSDAQ
203400,에이비온,KOSDAQ
195990,에이비프로바이오,KOSDAQ
003800,에이스침대,KOSDAQ
088800,에이스테크,KOSDAQ
241840,에이스토리,KOSDAQ
312610,에이에프더블류,KOSDAQ
072990,에이치시티,KOSDAQ
227100,에이치앤비디자인,KOSDAQ
176440,에이치엔티,KOSDAQ
028300,에이치엘비,KOSDAQ
067630,에이치엘비생명과학,KOSDAQ
047920,에이치엘비제약,KOSDAQ
043220,에이치엘비파워,KOSDAQ
239610,에이치엘사이언스,KOSDAQ
353070,에이치엠씨제4호스팩,KOSDAQ
353060,에이치엠씨제5호스팩,KOSDAQ
044780,에이치케이,KOSDAQ
357230,에이치피오,KOSDAQ
071670,에이테크솔루션,KOSDAQ
045660,에이텍,KOSDAQ
224110,에이텍티앤,KOSDAQ
230980,에이트원,KOSDAQ
021080,에이티넘인베스트,KOSDAQ
089530,에이티세미콘,KOSDAQ
200470,에이팩트,KOSDAQ
262260,에이프로,KOSDAQ
109960,에이프로젠 H&G,KOSDAQ
089970,에이피티씨,KOSDAQ
230240,에치에프알,KOSDAQ
064510,에코마이스터,KOSDAQ
230360,에코마케팅,KOSDAQ
038870,에코바이오,KOSDAQ
128540,에코캡,KOSDAQ
086520,에코프로,KOSDAQ
247540,에코프로비엠,KOSDAQ
383310,에코프로에이치엔,KOSDAQ
038110,에코플라스틱,KOSDAQ
073540,에프알텍,KOSDAQ
064850,에프앤가이드,KOSDAQ
064090,에프앤리퍼블릭,KOSDAQ
036810,에프에스티,KOSDAQ
173940,에프엔씨엔터,KOSDAQ
083500,에프엔에스테크,KOSDAQ
054940,엑사이엔씨,KOSDAQ
950130,엑세스바이오,KOSDAQ
205100,엑셈,KOSDAQ
070300,엑스큐어,KOSDAQ
092870,엑시콘,KOSDAQ
317870,엔바이오니아,KOSDAQ
067570,엔브이에이치코리아,KOSDAQ
236810,엔비티,KOSDAQ
333620,엔시스,KOSDAQ
101400,엔시트론,KOSDAQ
217820,엔에스,KOSDAQ
031860,엔에스엔,KOSDAQ
359090,엔에이치스팩17호,KOSDAQ
365590,엔에이치스팩18호,KOSDAQ
391060,엔에이치스팩20호,KOSDAQ
391710,엔에이치스팩21호,KOSDAQ
265740,엔에프씨,KOSDAQ
354200,엔젠바이오,KOSDAQ
208860,엔지스테크널러지,KOSDAQ
183490,엔지켐생명과학,KOSDAQ
182400,엔케이맥스,KOSDAQ
348370,엔켐,KOSDAQ
069410,엔텔스,KOSDAQ
227950,엔투텍,KOSDAQ
291230,엔피,KOSDAQ
198080,엔피디,KOSDAQ
048830,엔피케이,KOSDAQ
096870,엘디티,KOSDAQ
376190,엘비루셈,KOSDAQ
061970,엘비세미콘,KOSDAQ
138690,엘아이에스,KOSDAQ
290650,엘앤씨바이오,KOSDAQ
066970,엘앤에프,KOSDAQ
156100,엘앤케이바이오,KOSDAQ
073110,엘엠에스,KOSDAQ
083310,엘오티베큠,KOSDAQ
037950,엘컴텍,KOSDAQ
170920,엘티씨,KOSDAQ
058630,엠게임,KOSDAQ
058970,엠로,KOSDAQ
019590,엠벤처투자,KOSDAQ
169330,엠브레인,KOSDAQ
179290,엠아이텍,KOSDAQ
009780,엠에스씨,KOSDAQ
123040,엠에스오토텍,KOSDAQ
323230,엠에프엠코리아,KOSDAQ
033160,엠케이전자,KOSDAQ
347890,엠투아이,KOSDAQ
033310,엠투엔,KOSDAQ
259630,엠플러스,KOSDAQ
065150,엠피대산,KOSDAQ
115960,연우,KOSDAQ
090740,연이비앤티,KOSDAQ
060850,영림원소프트랩,KOSDAQ
007530,영신금속,KOSDAQ
143540,영우디에스피,KOSDAQ
036560,영풍정밀,KOSDAQ
265560,영화테크,KOSDAQ
036000,예림당,KOSDAQ
250930,예선테크,KOSDAQ
053280,예스24,KOSDAQ
122640,예스티,KOSDAQ
900300,오가닉티코스메틱,KOSDAQ
045060,오공,KOSDAQ
080520,오디텍,KOSDAQ
039830,오로라,KOSDAQ
322310,오로스테크놀로지,KOSDAQ
046120,오르비텍,KOSDAQ
014940,오리엔탈정공,KOSDAQ
065500,오리엔트정공,KOSDAQ
010470,오리콤,KOSDAQ
352910,오비고,KOSDAQ
053980,오상자이엘,KOSDAQ
052420,오성첨단소재,KOSDAQ
241790,오션브릿지,KOSDAQ
039200,오스코텍,KOSDAQ
226400,오스테오닉,KOSDAQ
031510,오스템,KOSDAQ
048260,오스템임플란트,KOSDAQ
138080,오이솔루션,KOSDAQ
080580,오킨스전자,KOSDAQ
067170,오텍,KOSDAQ
173130,오파스넷,KOSDAQ
049480,오픈베이스,KOSDAQ
309930,오하임아이엔티,KOSDAQ
244460,올리패스,KOSDAQ
226950,올릭스,KOSDAQ
057540,옴니시스템,KOSDAQ
082210,옵트론텍,KOSDAQ
109080,옵티시스,KOSDAQ
153710,옵티팜,KOSDAQ
321820,와이더플래닛,KOSDAQ
122990,와이솔,KOSDAQ
232140,와이아이케이,KOSDAQ
065530,와이어블,KOSDAQ
067900,와이엔텍,KOSDAQ
155650,와이엠씨,KOSDAQ
273640,와이엠텍,KOSDAQ
251370,와이엠티,KOSDAQ
066430,와이오엠,KOSDAQ
193250,와이제이엠게임즈,KOSDAQ
273060,와이즈버즈,KOSDAQ
019210,와이지-원,KOSDAQ
122870,와이지엔터테인먼트,KOSDAQ
332570,와이팜,KOSDAQ
079000,와토스코리아,KOSDAQ
032820,우리기술,KOSDAQ
041190,우리기술투자,KOSDAQ
115440,우리넷,KOSDAQ
046970,우리로,KOSDAQ
082850,우리바이오,KOSDAQ
215360,우리산업,KOSDAQ
072470,우리산업홀딩스,KOSDAQ
073560,우리손에프앤지,KOSDAQ
153490,우리이앤엘,KOSDAQ
037400,우리조명,KOSDAQ
101170,우림피티에스,KOSDAQ
066590,우수AMS,KOSDAQ
103840,우양,KOSDAQ
046940,우원개발,KOSDAQ
215380,우정바이오,KOSDAQ
065680,우주일렉트로,KOSDAQ
018620,우진비앤지,KOSDAQ
307280,원바이오젠,KOSDAQ
053080,원방테크,KOSDAQ
032940,원익,KOSDAQ
240810,원익IPS,KOSDAQ
074600,원익QnC,KOSDAQ
104830,원익머트리얼즈,KOSDAQ
014190,원익큐브,KOSDAQ
131390,원익피앤이,KOSDAQ
030530,원익홀딩스,KOSDAQ
012620,원일특강,KOSDAQ
382840,원준,KOSDAQ
376980,원티드랩,KOSDAQ
008370,원풍,KOSDAQ
008290,원풍물산,KOSDAQ
101160,월덱스,KOSDAQ
095270,웨이브일렉트로,KOSDAQ
065950,웰크론,KOSDAQ
076080,웰크론한텍,KOSDAQ
196700,웹스,KOSDAQ
069080,웹젠,KOSDAQ
053580,웹케시,KOSDAQ
071460,위니아딤채,KOSDAQ
044340,위닉스,KOSDAQ
330350,위더스제약,KOSDAQ
348350,위드텍,KOSDAQ
112040,위메이드,KOSDAQ
101730,위메이드맥스,KOSDAQ
065370,위세아이텍,KOSDAQ
038620,위즈코프,KOSDAQ
299900,위지윅스튜디오,KOSDAQ
036090,위지트,KOSDAQ
136540,윈스,KOSDAQ
320000,윈텍,KOSDAQ
097800,윈팩,KOSDAQ
192390,윈하이텍,KOSDAQ
313760,윌링스,KOSDAQ
900340,윙입푸드,KOSDAQ
036200,유니셈,KOSDAQ
018000,유니슨,KOSDAQ
203450,유니온커뮤니티,KOSDAQ
011320,유니크,KOSDAQ
086390,유니테스트,KOSDAQ
241690,유니테크노,KOSDAQ
142210,유니트론텍,KOSDAQ
048430,유라테크,KOSDAQ
206650,유바이오로직스,KOSDAQ
089850,유비벨록스,KOSDAQ
032620,유비케어,KOSDAQ
264450,유비쿼스,KOSDAQ
078070,유비쿼스홀딩스,KOSDAQ
024800,유성티엔에스,KOSDAQ
054930,유신,KOSDAQ
069330,유아이디,KOSDAQ
049520,유아이엘,KOSDAQ
313750,유안타제4호스팩,KOSDAQ
336060,유안타제5호스팩,KOSDAQ
367460,유안타제7호스팩,KOSDAQ
367480,유안타제8호스팩,KOSDAQ
056090,유앤아이,KOSDAQ
263770,유에스티,KOSDAQ
340930,유일에너테크,KOSDAQ
023410,유진기업,KOSDAQ
056080,유진로봇,KOSDAQ
373340,유진스팩6호,KOSDAQ
388800,유진스팩7호,KOSDAQ
084370,유진테크,KOSDAQ
178780,유테크,KOSDAQ
179900,유티아이,KOSDAQ
263050,유틸렉스,KOSDAQ
191410,육일씨엔에쓰,KOSDAQ
072770,율호,KOSDAQ
039020,이건홀딩스,KOSDAQ
067920,이글루시큐리티,KOSDAQ
044960,이글벳,KOSDAQ
303530,이노뎁,KOSDAQ
302430,이노메트리,KOSDAQ
073490,이노와이어리스,KOSDAQ
215790,이노인스트루먼트,KOSDAQ
246960,이노테라피,KOSDAQ
088390,이녹스,KOSDAQ
272290,이녹스첨단소재,KOSDAQ
053350,이니텍,KOSDAQ
258610,이더블유케이,KOSDAQ
041520,이라이콤,KOSDAQ
264850,이랜시스,KOSDAQ
054210,이랜텍,KOSDAQ
164060,이루다,KOSDAQ
065440,이루온,KOSDAQ
115610,이미지스,KOSDAQ
349720,이베스트스팩5호,KOSDAQ
323210,이베스트이안스팩1호,KOSDAQ
078020,이베스트투자증권,KOSDAQ
131400,이브이첨단소재,KOSDAQ
351330,이삭엔지니어링,KOSDAQ
080010,이상네트웍스,KOSDAQ
086890,이수앱지스,KOSDAQ
047560,이스트소프트,KOSDAQ
900110,이스트아시아홀딩스,KOSDAQ
067010,이씨에스,KOSDAQ
101360,이엔드디,KOSDAQ
102710,이엔에프테크놀로지,KOSDAQ
066980,이엔코퍼레이션,KOSDAQ
063760,이엘피,KOSDAQ
123570,이엠넷,KOSDAQ
083470,이엠앤아이,KOSDAQ
095190,이엠코리아,KOSDAQ
091120,이엠텍,KOSDAQ
039030,이오테크닉스,KOSDAQ
294090,이오플로우,KOSDAQ
088290,이원컴포텍,KOSDAQ
181340,이즈미디어,KOSDAQ
353810,이지바이오,KOSDAQ
099750,이지케어텍,KOSDAQ
035810,이지홀딩스,KOSDAQ
160600,이큐셀,KOSDAQ
092130,이크레더블,KOSDAQ
096040,이트론,KOSDAQ
134060,이퓨쳐,KOSDAQ
001840,이화공영,KOSDAQ
024810,이화전기,KOSDAQ
041830,인바디,KOSDAQ
352940,인바이오,KOSDAQ
079950,인베니아,KOSDAQ
277410,인산가,KOSDAQ
060150,인선이엔티,KOSDAQ
033230,인성정보,KOSDAQ
037330,인지디스플레,KOSDAQ
083640,인콘,KOSDAQ
216050,인크로스,KOSDAQ
049070,인탑스,KOSDAQ
119610,인터로조,KOSDAQ
017250,인터엠,KOSDAQ
035080,인터파크,KOSDAQ
051370,인터플렉스,KOSDAQ
064290,인텍플러스,KOSDAQ
189300,인텔리안테크,KOSDAQ
150840,인트로메딕,KOSDAQ
048530,인트론바이오,KOSDAQ
175140,인포마크,KOSDAQ
115310,인포바인,KOSDAQ
039290,인포뱅크,KOSDAQ
071200,인피니트헬스케어,KOSDAQ
016670,인피니티엔티,KOSDAQ
101930,인화정공,KOSDAQ
333430,일승,KOSDAQ
068330,일신바이오,KOSDAQ
058450,일야,KOSDAQ
019540,일지테크,KOSDAQ
094820,일진파워,KOSDAQ
950140,잉글우드랩,KOSDAQ
049550,잉크테크,KOSDAQ
254120,자비스,KOSDAQ
221610,자안바이오,KOSDAQ
043910,자연과환경,KOSDAQ
234920,자이글,KOSDAQ
289220,자이언트스텝,KOSDAQ
174880,장원테크,KOSDAQ
049630,재영솔루텍,KOSDAQ
110020,전진바이오팜,KOSDAQ
208140,정다운,KOSDAQ
022220,정산애강,KOSDAQ
040420,정상제이엘에스,KOSDAQ
045510,정원엔시스,KOSDAQ
217190,제너셈,KOSDAQ
095700,제넥신,KOSDAQ
072520,제넨바이오,KOSDAQ
122310,제노레이,KOSDAQ
361390,제노코,KOSDAQ
187420,제노포커스,KOSDAQ
225220,제놀루션,KOSDAQ
123330,제닉,KOSDAQ
159580,제로투세븐,KOSDAQ
147830,제룡산업,KOSDAQ
033100,제룡전기,KOSDAQ
079370,제우스,KOSDAQ
054950,제이브이엠,KOSDAQ
090470,제이스텍,KOSDAQ
287410,제이시스메디칼,KOSDAQ
137950,제이씨케미칼,KOSDAQ
033320,제이씨현시스템,KOSDAQ
204270,제이앤티씨,KOSDAQ
026040,제이에스티나,KOSDAQ
126880,제이엔케이히터,KOSDAQ
322510,제이엘케이,KOSDAQ
033050,제이엠아이,KOSDAQ
094970,제이엠티,KOSDAQ
058420,제이웨이,KOSDAQ
089790,제이티,KOSDAQ
052670,제일바이오,KOSDAQ
199820,제일전기공업,KOSDAQ
023440,제일제강,KOSDAQ
038010,제일테크노스,KOSDAQ
276730,제주맥주,KOSDAQ
080220,제주반도체,KOSDAQ
216080,제테마,KOSDAQ
229000,젠큐릭스,KOSDAQ
082270,젬백스,KOSDAQ
064800,젬백스링크,KOSDAQ
041590,젬백스지오,KOSDAQ
044060,조광ILI,KOSDAQ
034940,조아제약,KOSDAQ
067000,조이시티,KOSDAQ
033340,좋은사람들,KOSDAQ
036930,주성엔지니어링,KOSDAQ
239340,줌인터넷,KOSDAQ
051980,중앙디앤엠,KOSDAQ
072020,중앙백신,KOSDAQ
000440,중앙에너비스,KOSDAQ
078650,지나인제약,KOSDAQ
228760,지노믹트리,KOSDAQ
314130,지놈앤컴퍼니,KOSDAQ
389030,지니너스,KOSDAQ
043610,지니뮤직,KOSDAQ
263860,지니언스,KOSDAQ
303030,지니틱스,KOSDAQ
036180,지더블유바이텍,KOSDAQ
208350,지란지교시큐리티,KOSDAQ
114570,지스마트글로벌,KOSDAQ
144510,지씨셀,KOSDAQ
382480,지아이텍,KOSDAQ
382800,지앤비에스엔지니어링,KOSDAQ
051160,지어소프트,KOSDAQ
053050,지에스이,KOSDAQ
119850,지엔씨에너지,KOSDAQ
270520,지엔원에너지,KOSDAQ
065060,지엔코,KOSDAQ
204840,지엘팜텍,KOSDAQ
311320,지오엘리먼트,KOSDAQ
115450,지트리비앤티,KOSDAQ
219750,지티지웰니스,KOSDAQ
018120,진로발효,KOSDAQ
109820,진매트릭스,KOSDAQ
086060,진바이오텍,KOSDAQ
036890,진성티이씨,KOSDAQ
363250,진시스템,KOSDAQ
007370,진양제약,KOSDAQ
085660,차바이오텍,KOSDAQ
261780,차백신연구소,KOSDAQ
158310,참존글로벌,KOSDAQ
094850,참좋은여행,KOSDAQ
004650,창해에탄올,KOSDAQ
311690,천랩,KOSDAQ
278280,천보,KOSDAQ
096240,청담러닝,KOSDAQ
066360,체리부로,KOSDAQ
047820,초록뱀미디어,KOSDAQ
052300,초록뱀컴퍼니,KOSDAQ
094360,칩스앤미디어,KOSDAQ
016920,카스,KOSDAQ
284620,카이노스메드,KOSDAQ
293490,카카오게임즈,KOSDAQ
042000,카페24,KOSDAQ
317530,캐리소프트,KOSDAQ
071850,캐스텍코리아,KOSDAQ
180400,캔서롭,KOSDAQ
050110,캠시스,KOSDAQ
900310,컬러레이,KOSDAQ
078340,컴투스,KOSDAQ
307930,컴퍼니케이,KOSDAQ
263700,케어랩스,KOSDAQ
214370,케어젠,KOSDAQ
221980,케이디켐,KOSDAQ
323940,케이비제18호스팩,KOSDAQ
330990,케이비제19호스팩,KOSDAQ
342550,케이비제20호스팩,KOSDAQ
192250,케이사인,KOSDAQ
115500,케이씨에스,KOSDAQ
089150,케이씨티,KOSDAQ
025880,케이씨피드,KOSDAQ
093320,케이아이엔엑스,KOSDAQ
073010,케이에스피,KOSDAQ
105330,케이엔더블유,KOSDAQ
272110,케이엔제이,KOSDAQ
039420,케이엘넷,KOSDAQ
083550,케이엠,KOSDAQ
032500,케이엠더블유,KOSDAQ
225430,케이엠제약,KOSDAQ
036030,케이티알파,KOSDAQ
064820,케이프,KOSDAQ
347140,케이프이에스제4호,KOSDAQ
256940,케이피에스,KOSDAQ
024880,케이피에프,KOSDAQ
042040,케이피엠테크,KOSDAQ
054410,케이피티유,KOSDAQ
274090,켄코아에어로스페이스,KOSDAQ
217600,켐온,KOSDAQ
089010,켐트로닉스,KOSDAQ
220260,켐트로스,KOSDAQ
052400,코나아이,KOSDAQ
046070,코다코,KOSDAQ
047770,코데즈컴바인,KOSDAQ
078940,코드네이처,KOSDAQ
080530,코디,KOSDAQ
224060,코디엠,KOSDAQ
104540,코렌텍,KOSDAQ
027050,코리아나,KOSDAQ
290510,코리아센터,KOSDAQ
190650,코리아에셋투자증권,KOSDAQ
101670,코리아에스이,KOSDAQ
123410,코리아에프티,KOSDAQ
036690,코맥스,KOSDAQ
049430,코메론,KOSDAQ
183300,코미코,KOSDAQ
041960,코미팜,KOSDAQ
089890,코세스,KOSDAQ
009730,코센,KOSDAQ
082660,코스나인,KOSDAQ
222040,코스맥스엔비티,KOSDAQ
241710,코스메카코리아,KOSDAQ
069110,코스온,KOSDAQ
166480,코아스템,KOSDAQ
045970,코아시아,KOSDAQ
196450,코아시아옵틱스,KOSDAQ
029960,코엔텍,KOSDAQ
102940,코오롱생명과학,KOSDAQ
950160,코오롱티슈진,KOSDAQ
033290,코웰패션,KOSDAQ
056360,코위버,KOSDAQ
282880,코윈테크,KOSDAQ
121850,코이즈,KOSDAQ
015710,코콤,KOSDAQ
052330,코텍,KOSDAQ
322780,코퍼스코리아,KOSDAQ
126600,코프라,KOSDAQ
200130,콜마비앤에이치,KOSDAQ
294570,쿠콘,KOSDAQ
317690,퀀타매트릭스,KOSDAQ
365270,큐라클,KOSDAQ
060280,큐렉소,KOSDAQ
040350,큐로컴,KOSDAQ
051780,큐로홀딩스,KOSDAQ
115180,큐리언트,KOSDAQ
182360,큐브엔터,KOSDAQ
066310,큐에스아이,KOSDAQ
016600,큐캐피탈,KOSDAQ
043590,크로바하이텍,KOSDAQ
114120,크루셜텍,KOSDAQ
110790,크리스에프앤씨,KOSDAQ
900250,크리스탈신소재,KOSDAQ
083790,크리스탈지노믹스,KOSDAQ
045520,크린앤사이언스,KOSDAQ
036170,클라우드에어,KOSDAQ
214150,클래시스,KOSDAQ
352770,클리노믹스,KOSDAQ
237880,클리오,KOSDAQ
139670,키네마스터,KOSDAQ
054780,키이스트,KOSDAQ
219130,타이거일렉,KOSDAQ
065130,탑엔지니어링,KOSDAQ
023160,태광,KOSDAQ
053620,태양,KOSDAQ
044490,태웅,KOSDAQ
124560,태웅로직스,KOSDAQ
191420,테고사이언스,KOSDAQ
073640,테라사이언스,KOSDAQ
182690,테라셈,KOSDAQ
066700,테라젠이텍스,KOSDAQ
095610,테스,KOSDAQ
131970,테스나,KOSDAQ
089030,테크윙,KOSDAQ
054450,텔레칩스,KOSDAQ
091440,텔레필드,KOSDAQ
200230,텔콘RF제약,KOSDAQ
215480,토박스코리아,KOSDAQ
051360,토비스,KOSDAQ
045340,토탈소프트,KOSDAQ
108230,톱텍,KOSDAQ
079970,투비소프트,KOSDAQ
105550,트루윈,KOSDAQ
290090,트윔,KOSDAQ
026150,특수건설,KOSDAQ
322180,티라유텍,KOSDAQ
117730,티로보틱스,KOSDAQ
033830,티비씨,KOSDAQ
057680,티사이언티픽,KOSDAQ
064760,티씨케이,KOSDAQ
246710,티앤알바이오팹,KOSDAQ
340570,티앤엘,KOSDAQ
277880,티에스아이,KOSDAQ
131290,티에스이,KOSDAQ
356860,티엘비,KOSDAQ
062860,티엘아이,KOSDAQ
321550,티움바이오,KOSDAQ
104480,티케이케미칼,KOSDAQ
081150,티플랙스,KOSDAQ
130740,티피씨글로벌,KOSDAQ
084730,팅크웨어,KOSDAQ
046210,파나진,KOSDAQ
034230,파라다이스,KOSDAQ
033540,파라텍,KOSDAQ
043200,파루,KOSDAQ
214450,파마리서치,KOSDAQ
208340,파멥신,KOSDAQ
177830,파버나인,KOSDAQ
037070,파세코,KOSDAQ
150900,파수,KOSDAQ
037030,파워넷,KOSDAQ
047310,파워로직스,KOSDAQ
170790,파이오링크,KOSDAQ
049120,파인디앤씨,KOSDAQ
038950,파인디지털,KOSDAQ
106240,파인테크닉스,KOSDAQ
131760,파인텍,KOSDAQ
065690,파커스,KOSDAQ
140860,파크시스템스,KOSDAQ
091700,파트론,KOSDAQ
032800,판타지오,KOSDAQ
318010,팜스빌,KOSDAQ
027710,팜스토리,KOSDAQ
225590,패션플랫폼,KOSDAQ
054300,팬스타엔터프라이즈,KOSDAQ
068050,팬엔터테인먼트,KOSDAQ
222110,팬젠,KOSDAQ
263750,펄어비스,KOSDAQ
251970,펌텍코리아,KOSDAQ
087010,펩트론,KOSDAQ
119500,포메탈,KOSDAQ
022100,포스코 ICT,KOSDAQ
009520,포스코엠텍,KOSDAQ
189690,포시에스,KOSDAQ
318020,포인트모바일,KOSDAQ
256630,포인트엔지니어링,KOSDAQ
331380,포커스에이치엔에스,KOSDAQ
141020,포티스,KOSDAQ
041020,폴라리스오피스,KOSDAQ
114630,폴라리스우노,KOSDAQ
123010,폴라리스웍스,KOSDAQ
290720,푸드나무,KOSDAQ
005670,푸드웰,KOSDAQ
094940,푸른기술,KOSDAQ
007330,푸른저축은행,KOSDAQ
093380,풍강,KOSDAQ
023900,풍국주정,KOSDAQ
220100,퓨쳐켐,KOSDAQ
035200,프럼파스트,KOSDAQ
334970,프레스티지바이오로직스,KOSDAQ
203690,프로스테믹스,KOSDAQ
321260,프로이천,KOSDAQ
053610,프로텍,KOSDAQ
377220,프롬바이오,KOSDAQ
335810,프리시젼바이오,KOSDAQ
053160,프리엠스,KOSDAQ
367000,플래티어,KOSDAQ
075130,플랜티넷,KOSDAQ
237820,플레이디,KOSDAQ
023770,플레이위드,KOSDAQ
300080,플리토,KOSDAQ
032580,피델릭스,KOSDAQ
051380,피씨디렉트,KOSDAQ
241820,피씨엘,KOSDAQ
237750,피앤씨테크,KOSDAQ
024850,피에스엠씨,KOSDAQ
319660,피에스케이,KOSDAQ
031980,피에스케이홀딩스,KOSDAQ
002230,피에스텍,KOSDAQ
057880,피에이치씨,KOSDAQ
043370,피에이치에이,KOSDAQ
239890,피엔에이치테크,KOSDAQ
347740,피엔케이피부임상연구센타,KOSDAQ
137400,피엔티,KOSDAQ
128660,피제이메탈,KOSDAQ
006140,피제이전자,KOSDAQ
376180,피코그램,KOSDAQ
304840,피플바이오,KOSDAQ
062970,피피아이,KOSDAQ
087600,픽셀플러스,KOSDAQ
161580,필옵틱스,KOSDAQ
347770,핌스,KOSDAQ
163730,핑거,KOSDAQ
332710,하나금융14호스팩,KOSDAQ
341160,하나금융15호스팩,KOSDAQ
343510,하나금융16호스팩,KOSDAQ
363260,하나금융17호스팩,KOSDAQ
388220,하나금융19호스팩,KOSDAQ
299030,하나기술,KOSDAQ
067310,하나마이크론,KOSDAQ
372290,하나머스트7호스팩,KOSDAQ
166090,하나머티리얼즈,KOSDAQ
136480,하림,KOSDAQ
003380,하림지주,KOSDAQ
149980,하이로닉,KOSDAQ
013030,하이록코리아,KOSDAQ
126700,하이비젼시스템,KOSDAQ
106080,하이소닉,KOSDAQ
340120,하이제5호스팩,KOSDAQ
377400,하이제6호스팩,KOSDAQ
221840,하이즈항공,KOSDAQ
106190,하이텍팜,KOSDAQ
066130,하츠,KOSDAQ
368770,한국9호스팩,KOSDAQ
004590,한국가구,KOSDAQ
039340,한국경제TV,KOSDAQ
034950,한국기업평가,KOSDAQ
222980,한국맥널티,KOSDAQ
318000,한국바이오젠,KOSDAQ
256840,한국비엔씨,KOSDAQ
025550,한국선재,KOSDAQ
017890,한국알콜,KOSDAQ
080720,한국유니온제약,KOSDAQ
063570,한국전자금융,KOSDAQ
041460,한국전자인증,KOSDAQ
101680,한국정밀기계,KOSDAQ
039740,한국정보공학,KOSDAQ
053300,한국정보인증,KOSDAQ
025770,한국정보통신,KOSDAQ
310870,한국제8호스팩,KOSDAQ
023760,한국캐피탈,KOSDAQ
054040,한국컴퓨터,KOSDAQ
050540,한국코퍼레이션,KOSDAQ
021650,한국큐빅,KOSDAQ
053590,한국테크놀로지,KOSDAQ
032300,한국파마,KOSDAQ
037230,한국팩키지,KOSDAQ
030520,한글과컴퓨터,KOSDAQ
052600,한네트,KOSDAQ
256150,한독크린텍,KOSDAQ
092460,한라IMS,KOSDAQ
047080,한빛소프트,KOSDAQ
070590,한솔인티큐브,KOSDAQ
226440,한송네오텍,KOSDAQ
042520,한스바이오메드,KOSDAQ
078350,한양디지텍,KOSDAQ
045100,한양이엔지,KOSDAQ
046110,한일네트웍스,KOSDAQ
024740,한일단조,KOSDAQ
005860,한일사료,KOSDAQ
123840,한일진공,KOSDAQ
007770,한일화학,KOSDAQ
043090,한주케미칼앤홀딩스,KOSDAQ
079170,한창산업,KOSDAQ
086960,한컴MDS,KOSDAQ
054920,한컴위드,KOSDAQ
002680,한탑,KOSDAQ
066110,한프,KOSDAQ
317320,한화에스비아이스팩,KOSDAQ
340440,한화플러스제1호스팩,KOSDAQ
386580,한화플러스제2호스팩,KOSDAQ
034810,해성산업,KOSDAQ
03481K,해성산업1우,KOSDAQ
076610,해성옵틱스,KOSDAQ
059270,해성티피씨,KOSDAQ
220180,핸디소프트,KOSDAQ
900270,헝셩그룹,KOSDAQ
084990,헬릭스미스,KOSDAQ
170030,현대공업,KOSDAQ
319400,현대무벡스,KOSDAQ
048410,현대바이오,KOSDAQ
052260,현대바이오랜드,KOSDAQ
016790,현대사료,KOSDAQ
041440,현대에버다임,KOSDAQ
039010,현대에이치티,KOSDAQ
090850,현대이지웰,KOSDAQ
092300,현우산업,KOSDAQ
053660,현진소재,KOSDAQ
138360,협진,KOSDAQ
011080,형지I&C,KOSDAQ
060560,홈센타홀딩스,KOSDAQ
064240,홈캐스트,KOSDAQ
039610,화성밸브,KOSDAQ
126640,화신정공,KOSDAQ
061250,화일약품,KOSDAQ
097870,효성오앤비,KOSDAQ
050090,휘닉스소재,KOSDAQ
290270,휴네시온,KOSDAQ
353190,휴럼,KOSDAQ
090710,휴림로봇,KOSDAQ
205470,휴마시스,KOSDAQ
115160,휴맥스,KOSDAQ
028080,휴맥스홀딩스,KOSDAQ
032860,휴먼엔,KOSDAQ
200670,휴메딕스,KOSDAQ
065510,휴비츠,KOSDAQ
215090,휴센텍,KOSDAQ
243070,휴온스,KOSDAQ
084110,휴온스글로벌,KOSDAQ
263920,휴온스블러썸,KOSDAQ
145020,휴젤,KOSDAQ
024060,흥구석유,KOSDAQ
010240,흥국,KOSDAQ
189980,흥국에프엔비,KOSDAQ
037440,희림,KOSDAQ
238490,힘스,KOSDAQ
278990,EMB,KONEX
112190,KC산업,KONEX
183410,골프존데카,KONEX
076340,관악산업,KONEX
243870,굿센,KONEX
244880,나눔테크,KONEX
288490,나라소프트,KONEX
257990,나우코스,KONEX
086220,네추럴FNP,KONEX
317860,노드메이슨,KONEX
229500,노브메타파마,KONEX
323350,다원넥스뷰,KONEX
271850,다이오진,KONEX
343090,단디바이오,KONEX
178600,대동고려삼,KONEX
114920,대주이엔티,KONEX
302920,더콘텐츠온,KONEX
348840,데이드림엔터,KONEX
199150,데이터스트림즈,KONEX
227420,도부마스크,KONEX
176750,듀켐바이오,KONEX
163430,디피코,KONEX
285770,라이프사이언스테크놀로지,KONEX
200350,래몽래인,KONEX
092590,럭스피아,KONEX
179720,렌딩머신,KONEX
238500,로보쓰리,KONEX
162120,루켄테크놀러지스,KONEX
253610,루트락,KONEX
200580,메디쎄이,KONEX
233250,메디안디노스틱,KONEX
236340,메디젠휴먼케어,KONEX
267060,명진홀딩스,KONEX
322970,무진메디,KONEX
208890,미래엔에듀파트너,KONEX
225850,미애부,KONEX
281310,바이오시네틱스,KONEX
266470,바이오인프라생명과학,KONEX
199290,바이오프로테크,KONEX
322190,베른,KONEX
206950,볼빅,KONEX
191600,블루탑,KONEX
215050,비엔디생활건강,KONEX
148780,비플라이소프트,KONEX
210120,빅텐츠,KONEX
266170,뿌리깊은나무들,KONEX
067370,선바이오,KONEX
258250,셀젠텍,KONEX
185190,수프로,KONEX
258540,스템랩,KONEX
260870,시그넷이브이,KONEX
232830,시큐센,KONEX
217320,썬테크,KONEX
236030,씨알푸드,KONEX
103660,씨앗,KONEX
245450,씨앤에스링크,KONEX
286000,씨엔티드림,KONEX
149010,아이케이세미콘,KONEX
223220,아이피몬스터,KONEX
149300,아퓨어스,KONEX
251280,안지오랩,KONEX
267810,앙츠,KONEX
179530,애드바이오텍,KONEX
224810,엄지하우스,KONEX
270210,에스알바이오텍,KONEX
158300,에스에이티이엔지,KONEX
086460,에스엔피제네틱스,KONEX
246250,에스엘에스바이오,KONEX
299670,에스엠비나,KONEX
217910,에스제이켐,KONEX
224020,에스케이씨에스,KONEX
234070,에이원알폼,KONEX
044990,에이치엔에스하이텍,KONEX
207490,에이펙스인텍,KONEX
140610,엔솔바이오사이언스,KONEX
238170,엔에스엠,KONEX
224760,엔에스컴퍼니,KONEX
093510,엔지브이아이,KONEX
276240,엘리비젼,KONEX
311060,엘에이티,KONEX
225860,엠앤씨생명과학,KONEX
329020,오션스톤,KONEX
216280,원텍,KONEX
122830,원포유,KONEX
140660,위월드,KONEX
121060,유니포인트,KONEX
084440,유비온,KONEX
337840,유엑스엔,KONEX
221800,유투바이오,KONEX
279060,이노벡스,KONEX
344860,이노진,KONEX
208850,이비테크,KONEX
379390,이성씨엔아이,KONEX
270020,이십일스토어,KONEX
341310,이앤에치,KONEX
232530,이엠티,KONEX
216400,인바이츠바이오코아,KONEX
211050,인카금융서비스,KONEX
240340,인터코스,KONEX
066830,제노텍,KONEX
248020,젬,KONEX
299480,지앤이헬스케어,KONEX
135160,지오씨,KONEX
250030,진코스텍,KONEX
233990,질경이,KONEX
140290,청광건설,KONEX
327970,케어룸의료산업,KONEX
402420,켈스,KONEX
189350,코셋,KONEX
136660,큐엠씨,KONEX
215570,크로넥스,KONEX
336040,타스컴,KONEX
318660,타임기술,KONEX
180060,탑선,KONEX
116100,태양기계,KONEX
308700,테크엔,KONEX
258050,테크트랜스,KONEX
393210,토마토시스템,KONEX
199800,툴젠,KONEX
309900,티티씨디펜스,KONEX
217880,틸론,KONEX
217950,파마리서치바이오,KONEX
266870,파워풀엑스,KONEX
202960,판도라티비,KONEX
327610,펨토바이오메드,KONEX
303360,프로테옴텍,KONEX
222670,플럼라인생명과학,KONEX
150440,피노텍,KONEX
242350,피엔아이컴퍼니,KONEX
331660,한국미라클피플사,KONEX
107640,한중엔시에스,KONEX
212310,휴벡셀,KONEX
